{"type": "FeatureCollection", "features": [{"type": "Feature", "properties": {"name": "Ewaso Nyiro", "kind": "river"}, "geometry": {"type": "LineString", "coordinates": [[37.71137, 0.66491], [37.71323, 0.6636], [37.71415, 0.65944], [37.71766, 0.65684], [37.72658, 0.65292], [37.72823, 0.65365], [37.73173, 0.66025], [37.73554, 0.65939], [37.73649, 0.66003], [37.7454, 0.67218], [37.74972, 0.67454], [37.75157, 0.67475], [37.76012, 0.66983], [37.77015, 0.67219], [37.77482, 0.67388], [37.77728, 0.67563], [37.78228, 0.67485], [37.78467, 0.67535], [37.78637, 0.67483], [37.7877, 0.67262], [37.78959, 0.67229], [37.79341, 0.66945], [37.79462, 0.66957], [37.79772, 0.67217], [37.80323, 0.67412], [37.81753, 0.67432], [37.81959, 0.67552], [37.82025, 0.67682], [37.82237, 0.67684], [37.82397, 0.6778], [37.82688, 0.67629], [37.83455, 0.67737], [37.83653, 0.6791], [37.83761, 0.67887], [37.83909, 0.68205], [37.84586, 0.68966], [37.84566, 0.69156], [37.8432, 0.69609], [37.84494, 0.70484], [37.84768, 0.70859], [37.84935, 0.71259], [37.8561, 0.71566], [37.85795, 0.71801], [37.86038, 0.71761], [37.86782, 0.72461], [37.87515, 0.72679], [37.87738, 0.73121], [37.8751, 0.73433], [37.87749, 0.73795], [37.87768, 0.74073], [37.87937, 0.74184], [37.88197, 0.7398], [37.88748, 0.73798], [37.89121, 0.73567], [37.89343, 0.73293], [37.89453, 0.72776], [37.89633, 0.72696], [37.89705, 0.72552], [37.9032, 0.72686], [37.90434, 0.72554], [37.90435, 0.72401], [37.90257, 0.72178], [37.90256, 0.71999], [37.90583, 0.71815], [37.91018, 0.71917], [37.91157, 0.71808], [37.91255, 0.71539], [37.91251, 0.71168], [37.91361, 0.71059], [37.91539, 0.71046], [37.91677, 0.71144], [37.91963, 0.71679], [37.9217, 0.71766], [37.92518, 0.71667], [37.93093, 0.72043], [37.93283, 0.72436], [37.93989, 0.73127], [37.94685, 0.74246], [37.94995, 0.74236], [37.95103, 0.74322], [37.95662, 0.74307], [37.96074, 0.74977], [37.96511, 0.7516], [37.96944, 0.75133], [37.9736, 0.7533], [37.97391, 0.75799], [37.97618, 0.76124], [37.97831, 0.76265], [37.97998, 0.76652], [37.98213, 0.76827], [37.98267, 0.76985], [37.98623, 0.77262], [37.98637, 0.77497], [37.98779, 0.77581], [37.98923, 0.77519], [37.99581, 0.77678], [37.99906, 0.78099], [38.00071, 0.78584], [38.00658, 0.78661], [38.00768, 0.7887], [38.00961, 0.7901], [38.01042, 0.79154], [38.00899, 0.79729], [38.00963, 0.79976], [38.0144, 0.80274], [38.01622, 0.80246], [38.01748, 0.80096], [38.01611, 0.79572], [38.01665, 0.79434], [38.01871, 0.79569], [38.02379, 0.79671], [38.02542, 0.79404], [38.03423, 0.78877], [38.04695, 0.78492], [38.04723, 0.78207], [38.04826, 0.78041], [38.04984, 0.77853], [38.05364, 0.77633], [38.06112, 0.77632], [38.06849, 0.7788], [38.07198, 0.78091], [38.07356, 0.77973], [38.07608, 0.78083], [38.07887, 0.78031], [38.08314, 0.78139], [38.08589, 0.78718], [38.08594, 0.78924], [38.08421, 0.79259], [38.08617, 0.79539], [38.08605, 0.79755], [38.08725, 0.7998], [38.09136, 0.80266], [38.09446, 0.80045], [38.0961, 0.80036], [38.09722, 0.80305], [38.10635, 0.81077], [38.11198, 0.81293], [38.11854, 0.81323], [38.11942, 0.81653], [38.12014, 0.81683], [38.12697, 0.81555], [38.12759, 0.81468], [38.13015, 0.81521], [38.13425, 0.81433], [38.13575, 0.81103], [38.14061, 0.81326], [38.14151, 0.81242], [38.14062, 0.80792], [38.14251, 0.80656], [38.14808, 0.80801], [38.15228, 0.80773], [38.1534, 0.8088], [38.15396, 0.81218], [38.15546, 0.81334], [38.15724, 0.81322], [38.15879, 0.81962], [38.16168, 0.82286], [38.17123, 0.82597], [38.17627, 0.82379], [38.17855, 0.82619], [38.17991, 0.82637], [38.18359, 0.826], [38.18598, 0.82391], [38.18956, 0.82418], [38.19127, 0.82211], [38.1968, 0.82237], [38.1983, 0.82433], [38.20203, 0.82446], [38.20932, 0.82982], [38.21334, 0.83099], [38.21721, 0.82992], [38.21808, 0.82749], [38.2191, 0.82699], [38.22102, 0.82645], [38.22384, 0.82711], [38.22731, 0.82551], [38.22847, 0.82746], [38.23169, 0.8259], [38.23351, 0.82592], [38.23721, 0.82916], [38.24525, 0.83043], [38.24631, 0.82984], [38.24669, 0.82728], [38.24865, 0.82492], [38.25266, 0.82262], [38.25569, 0.82315], [38.25867, 0.82173], [38.26067, 0.82203], [38.26397, 0.82708], [38.26789, 0.82905], [38.27291, 0.82619], [38.27939, 0.82601], [38.28808, 0.82057], [38.29459, 0.82277], [38.29926, 0.82233], [38.30306, 0.82393], [38.30664, 0.82402], [38.31174, 0.82239], [38.31293, 0.8229], [38.31313, 0.82616], [38.31479, 0.82829], [38.3196, 0.83206], [38.32467, 0.83988], [38.32607, 0.8405], [38.32669, 0.83838], [38.32887, 0.83579], [38.33492, 0.83289], [38.33735, 0.8345], [38.33922, 0.8377], [38.34118, 0.83827], [38.34491, 0.83755], [38.34915, 0.83558], [38.35257, 0.83082], [38.35919, 0.82647], [38.36132, 0.82678], [38.36344, 0.82823], [38.36473, 0.83051], [38.36623, 0.84448], [38.36818, 0.84966], [38.36989, 0.85184], [38.37284, 0.85373], [38.38027, 0.8494], [38.38492, 0.84267], [38.38642, 0.84226], [38.39355, 0.8472], [38.39552, 0.85124], [38.39479, 0.86294], [38.39707, 0.86407], [38.39966, 0.86387], [38.40142, 0.85942], [38.4118, 0.86587], [38.41454, 0.86035], [38.41771, 0.85855], [38.41923, 0.85869], [38.42176, 0.86142], [38.4219, 0.86257], [38.42038, 0.86546], [38.42343, 0.86798], [38.42627, 0.86839], [38.43154, 0.86345], [38.43506, 0.86347], [38.43789, 0.86552], [38.43973, 0.87013], [38.44205, 0.87122], [38.44515, 0.86626], [38.44907, 0.86194], [38.45264, 0.86076], [38.45427, 0.86111], [38.45617, 0.86349], [38.45467, 0.86738], [38.45613, 0.86877], [38.45729, 0.86864], [38.46046, 0.86342], [38.46337, 0.86225], [38.46864, 0.86665], [38.4767, 0.86898], [38.48019, 0.87305], [38.48318, 0.87364], [38.4872, 0.87181], [38.48831, 0.87268], [38.48871, 0.87474], [38.49468, 0.87099], [38.49581, 0.86882], [38.49651, 0.86435], [38.49769, 0.86264], [38.50062, 0.86311], [38.5019, 0.86914], [38.506, 0.86724], [38.51013, 0.86294], [38.51346, 0.86238], [38.5152, 0.86386], [38.51427, 0.87257], [38.51832, 0.8772], [38.51738, 0.87916], [38.5151, 0.87819], [38.51282, 0.87916], [38.51283, 0.88211], [38.51386, 0.8833], [38.51726, 0.88453], [38.52297, 0.88312], [38.52484, 0.88488], [38.52629, 0.89153], [38.52655, 0.89871], [38.52808, 0.90196], [38.53019, 0.90365], [38.52991, 0.90732], [38.53229, 0.91171], [38.53456, 0.91286], [38.53878, 0.91238], [38.54447, 0.91451], [38.54516, 0.91549], [38.54506, 0.9182], [38.55013, 0.931], [38.5525, 0.93316], [38.55815, 0.93389], [38.55659, 0.93788], [38.55941, 0.93833], [38.56155, 0.94534], [38.56385, 0.9439], [38.56633, 0.9473], [38.57052, 0.94755], [38.57154, 0.94831], [38.57441, 0.95213], [38.57482, 0.95619], [38.57933, 0.95877], [38.57955, 0.96087], [38.5783, 0.96323], [38.57944, 0.96647], [38.57926, 0.97052], [38.58103, 0.97065], [38.58524, 0.97607], [38.59823, 0.98068], [38.5999, 0.98379], [38.60376, 0.98575], [38.60583, 0.99009], [38.60867, 0.99165], [38.60951, 0.99442]]}}, {"type": "Feature", "properties": {"name": "Merille River", "kind": "river"}, "geometry": {"type": "LineString", "coordinates": [[37.53347, 1.26091], [37.53425, 1.26123], [37.53395, 1.26314], [37.53509, 1.26285], [37.53701, 1.26486], [37.53737, 1.26738], [37.53825, 1.26716], [37.54107, 1.27081], [37.54252, 1.27001], [37.54289, 1.27054], [37.54209, 1.27417], [37.54366, 1.27878], [37.54313, 1.28059], [37.544, 1.28449], [37.5431, 1.28666], [37.5437, 1.28719], [37.54301, 1.29026], [37.5435, 1.29104], [37.54213, 1.29213], [37.54213, 1.29394], [37.54054, 1.29571], [37.54029, 1.29779], [37.53911, 1.29844], [37.54414, 1.30253], [37.5456, 1.30772], [37.55128, 1.31191], [37.55015, 1.31346], [37.54975, 1.3168], [37.54783, 1.31708], [37.54701, 1.31801], [37.54546, 1.32228], [37.54793, 1.32362], [37.54728, 1.32702], [37.5513, 1.33296], [37.55017, 1.33582], [37.55024, 1.33871], [37.54885, 1.34053], [37.54578, 1.34187], [37.54597, 1.3449], [37.54668, 1.34571], [37.55361, 1.34767], [37.55989, 1.34492], [37.5613, 1.34513], [37.56266, 1.34802], [37.56863, 1.3461], [37.5723, 1.34613], [37.57445, 1.35135], [37.58084, 1.35024], [37.58212, 1.35354], [37.58422, 1.35578], [37.58233, 1.35897], [37.58509, 1.36061], [37.585, 1.36163], [37.58272, 1.36399], [37.58255, 1.36706], [37.58793, 1.36833], [37.58881, 1.36925], [37.58824, 1.37114], [37.59048, 1.38022], [37.59704, 1.38536], [37.5969, 1.39131], [37.59806, 1.39226], [37.59887, 1.39263], [37.59991, 1.39162], [37.60282, 1.38471], [37.60314, 1.38196], [37.60677, 1.37706], [37.60885, 1.3759], [37.61198, 1.37565], [37.61711, 1.37907], [37.6239, 1.3796], [37.62529, 1.38635], [37.62692, 1.3863], [37.63083, 1.38357], [37.63237, 1.38402], [37.63494, 1.39168], [37.63633, 1.39251], [37.63882, 1.3915], [37.64143, 1.39182], [37.64378, 1.39584], [37.64762, 1.39936], [37.6568, 1.40288], [37.66299, 1.39878], [37.66575, 1.39878], [37.67133, 1.40153], [37.67382, 1.40416], [37.67813, 1.40517], [37.68405, 1.40032], [37.68715, 1.40073], [37.69286, 1.40456], [37.70107, 1.40564], [37.70935, 1.409], [37.71305, 1.40967], [37.7183, 1.40954], [37.72696, 1.40623], [37.73163, 1.40873], [37.73806, 1.40855], [37.74216, 1.41102], [37.74539, 1.41147], [37.74802, 1.41492], [37.75397, 1.41297], [37.75718, 1.41273], [37.7658, 1.41605], [37.76881, 1.41514], [37.77042, 1.41634], [37.77327, 1.41178], [37.77426, 1.41148], [37.77593, 1.41405], [37.77728, 1.41298], [37.78028, 1.41328], [37.78333, 1.42124], [37.78419, 1.42154], [37.78526, 1.42107], [37.78889, 1.41592], [37.79144, 1.41708], [37.79494, 1.41533], [37.79704, 1.41593], [37.80136, 1.4196], [37.80764, 1.41842], [37.81453, 1.42052], [37.81728, 1.42417], [37.81874, 1.42475], [37.82867, 1.42215], [37.83062, 1.42301], [37.83101, 1.42546], [37.83753, 1.42691], [37.84191, 1.42631], [37.84603, 1.42848], [37.84627, 1.42942], [37.84485, 1.4306], [37.8451, 1.43282], [37.84871, 1.43665], [37.84734, 1.44191], [37.84833, 1.44534], [37.85185, 1.44931], [37.85045, 1.45218], [37.85125, 1.45506], [37.85648, 1.46387], [37.85438, 1.46872], [37.8609, 1.47567], [37.86294, 1.4796], [37.86614, 1.48062], [37.87251, 1.47975], [37.8803, 1.48191], [37.88292, 1.48569], [37.88262, 1.49223], [37.88401, 1.49467], [37.89189, 1.49457], [37.89588, 1.49365], [37.90017, 1.4918], [37.90244, 1.48929], [37.90395, 1.48953], [37.9089, 1.49744], [37.91249, 1.49753], [37.91532, 1.49517], [37.91884, 1.49023], [37.92255, 1.48717], [37.92508, 1.48949], [37.92877, 1.48979], [37.93131, 1.48828], [37.93199, 1.4865], [37.93586, 1.48451], [37.94154, 1.48579], [37.94703, 1.4882], [37.95832, 1.48689], [37.963, 1.48524], [37.9708, 1.48467], [37.97304, 1.48631], [37.97242, 1.49463], [37.97393, 1.49639], [37.97618, 1.49656], [37.97741, 1.49335], [37.97841, 1.49281], [37.98158, 1.49349], [37.98187, 1.49565], [37.98339, 1.49705], [37.98707, 1.49207], [37.99143, 1.49056], [37.99433, 1.49062], [37.99608, 1.49129], [37.9962, 1.49349], [37.99528, 1.49514], [37.99597, 1.49679], [37.99918, 1.49768], [38.00216, 1.49716], [38.00642, 1.49508], [38.01476, 1.49847], [38.02148, 1.50372], [38.02368, 1.50443], [38.02963, 1.49907], [38.03149, 1.49927], [38.03465, 1.501], [38.03866, 1.50558], [38.04179, 1.50734], [38.04367, 1.50621], [38.04586, 1.50611], [38.06018, 1.51492], [38.06522, 1.5149], [38.07102, 1.51166], [38.07321, 1.51271], [38.07381, 1.51548], [38.07634, 1.51666], [38.0823, 1.51668], [38.09256, 1.51184], [38.09471, 1.51222], [38.10904, 1.52011], [38.11293, 1.51635], [38.11496, 1.51851], [38.12144, 1.52054], [38.1234, 1.51938], [38.12612, 1.51941], [38.1261, 1.52187], [38.12805, 1.52297], [38.13091, 1.5267], [38.13262, 1.53569], [38.14275, 1.5438], [38.14535, 1.5471], [38.14374, 1.55036], [38.14357, 1.55849], [38.14588, 1.56861], [38.1512, 1.57539], [38.15356, 1.57563], [38.15213, 1.58654], [38.15322, 1.58775], [38.15657, 1.58753], [38.1614, 1.58873], [38.16768, 1.59294], [38.17528, 1.59448], [38.18446, 1.60214], [38.18652, 1.60484], [38.18659, 1.60636], [38.18346, 1.61035], [38.189, 1.6169], [38.1914, 1.61692], [38.19514, 1.62254], [38.19492, 1.62436], [38.19715, 1.62472], [38.20202, 1.63107], [38.20381, 1.63174]]}}, {"type": "Feature", "properties": {"name": "Rupingazi", "kind": "river"}, "geometry": {"type": "LineString", "coordinates": [[37.376, -0.2517], [37.37808, -0.25291], [37.3776, -0.26049], [37.37876, -0.26494], [37.38201, -0.27088], [37.38834, -0.27576], [37.39828, -0.28035], [37.39977, -0.2829], [37.40381, -0.28637], [37.40498, -0.28877], [37.40438, -0.29106], [37.40666, -0.29464], [37.41116, -0.29692], [37.41006, -0.30063], [37.40769, -0.30205], [37.40839, -0.30251], [37.40885, -0.30804], [37.40793, -0.30908], [37.409, -0.30961], [37.40812, -0.31044], [37.4101, -0.31118], [37.41136, -0.31262], [37.41166, -0.31478], [37.41622, -0.31966], [37.41942, -0.32131], [37.42262, -0.32738], [37.42323, -0.32925], [37.42291, -0.33264], [37.42506, -0.3367], [37.42467, -0.3391], [37.42569, -0.33938], [37.42734, -0.3422], [37.42874, -0.34945], [37.42758, -0.35634], [37.42826, -0.35662], [37.42762, -0.36026], [37.42689, -0.36073], [37.42907, -0.36531], [37.4309, -0.36646], [37.43247, -0.36611], [37.43307, -0.36719], [37.43474, -0.3676], [37.43588, -0.3738], [37.43934, -0.37652], [37.44116, -0.37597], [37.4419, -0.37928], [37.44379, -0.38024], [37.4436, -0.38152], [37.44727, -0.38141], [37.44891, -0.3831], [37.44991, -0.38137], [37.45187, -0.38058], [37.45184, -0.37983], [37.45285, -0.38005], [37.45328, -0.38133], [37.45498, -0.38247], [37.45466, -0.38382], [37.45551, -0.38553], [37.45766, -0.38682], [37.45753, -0.38829], [37.45965, -0.39125], [37.45963, -0.39364], [37.46248, -0.39733], [37.46236, -0.39944], [37.46342, -0.40194], [37.46462, -0.40202], [37.46418, -0.40309], [37.46545, -0.40348], [37.46646, -0.40564], [37.46652, -0.40944], [37.46418, -0.41029], [37.46133, -0.41446], [37.46031, -0.42142], [37.46083, -0.42264], [37.45903, -0.42604], [37.46018, -0.42686], [37.45934, -0.42799], [37.45912, -0.43077], [37.46044, -0.43282], [37.45789, -0.43328], [37.4556, -0.43514], [37.45518, -0.43731], [37.4532, -0.4393], [37.45237, -0.44613], [37.45137, -0.44741], [37.44901, -0.44788], [37.44665, -0.45048], [37.44617, -0.45187], [37.44683, -0.45407], [37.44501, -0.45656], [37.44458, -0.45924], [37.44141, -0.46186], [37.44211, -0.46387], [37.4411, -0.46603], [37.43828, -0.46712], [37.43839, -0.46912], [37.43599, -0.4704], [37.4359, -0.473], [37.43467, -0.47385], [37.43426, -0.47627], [37.43333, -0.4764], [37.43401, -0.47894], [37.43378, -0.48049], [37.43271, -0.48091], [37.43307, -0.48301], [37.43166, -0.48368], [37.43231, -0.48481], [37.43093, -0.4857], [37.43274, -0.4885], [37.43161, -0.49083], [37.43215, -0.49484], [37.43059, -0.49798], [37.42677, -0.49999], [37.42749, -0.50227], [37.42642, -0.50514], [37.42793, -0.51186], [37.42963, -0.51312], [37.4306, -0.51582], [37.43266, -0.51764], [37.43285, -0.51974], [37.43397, -0.52131], [37.43614, -0.52326], [37.43861, -0.52349], [37.44171, -0.52758], [37.44405, -0.52842], [37.44673, -0.53157], [37.44757, -0.5335], [37.44689, -0.5369], [37.44907, -0.54107], [37.44887, -0.54577], [37.45394, -0.55144], [37.46109, -0.5516], [37.46265, -0.55246], [37.46264, -0.5563], [37.46389, -0.55765], [37.466, -0.55721], [37.46868, -0.55819], [37.47295, -0.55798], [37.47322, -0.55953], [37.47503, -0.56047], [37.47646, -0.56712], [37.47788, -0.56936], [37.47662, -0.57063], [37.47695, -0.5724], [37.47917, -0.57443], [37.48002, -0.57831], [37.48453, -0.58081], [37.48621, -0.58389], [37.48351, -0.59096], [37.48201, -0.59067], [37.48014, -0.59186], [37.47856, -0.59557], [37.48011, -0.59881], [37.4793, -0.5983], [37.47879, -0.60038], [37.4774, -0.6011], [37.47882, -0.60254], [37.47974, -0.60223], [37.47926, -0.60339], [37.48007, -0.60415], [37.48209, -0.60328], [37.48278, -0.60514], [37.48436, -0.60524], [37.48346, -0.60616], [37.48598, -0.60987], [37.48581, -0.6109], [37.48701, -0.61052], [37.4879, -0.61193], [37.48921, -0.6167], [37.48794, -0.61809], [37.48848, -0.61927], [37.48801, -0.62492], [37.48637, -0.62644], [37.48476, -0.62698], [37.48351, -0.626], [37.48178, -0.62755], [37.48187, -0.63023], [37.48033, -0.63176], [37.4808, -0.63544], [37.47901, -0.63756], [37.47931, -0.63907], [37.48027, -0.6393], [37.47986, -0.64124], [37.47891, -0.64269], [37.47744, -0.64312], [37.47617, -0.64604], [37.47472, -0.64693], [37.47497, -0.64824], [37.47327, -0.65112], [37.47368, -0.65396], [37.47292, -0.65491], [37.47401, -0.65555], [37.47372, -0.65663], [37.47522, -0.65821], [37.47392, -0.65973], [37.47523, -0.66178], [37.47609, -0.66188], [37.47721, -0.66658], [37.47642, -0.66729], [37.47754, -0.66781], [37.47945, -0.67181], [37.47874, -0.67181], [37.47702, -0.67563], [37.47774, -0.6773], [37.47743, -0.68011], [37.47492, -0.6813], [37.47561, -0.68711], [37.47752, -0.68785], [37.47766, -0.68923], [37.47886, -0.68944], [37.4809, -0.69382], [37.48028, -0.69547], [37.48105, -0.69666], [37.4794, -0.7009], [37.47959, -0.70424], [37.47855, -0.70692], [37.47919, -0.70833], [37.47812, -0.7101], [37.47928, -0.71191], [37.47907, -0.71285]]}}, {"type": "Feature", "properties": {"name": "Tana River", "kind": "river"}, "geometry": {"type": "LineString", "coordinates": [[38.00328, -0.26783], [38.00752, -0.26804], [38.00907, -0.26916], [38.0108, -0.26827], [38.01369, -0.26916], [38.02061, -0.26937], [38.02252, -0.27048], [38.02408, -0.26892], [38.02946, -0.27169], [38.03228, -0.27521], [38.04739, -0.27832], [38.05539, -0.27838], [38.06567, -0.27688], [38.07117, -0.27717], [38.07348, -0.27597], [38.07831, -0.27715], [38.09042, -0.27678], [38.10338, -0.2823], [38.10466, -0.28166], [38.10588, -0.278], [38.11442, -0.27844], [38.11873, -0.27479], [38.12571, -0.27064], [38.12998, -0.26338], [38.13702, -0.2594], [38.1393, -0.25362], [38.14019, -0.24869], [38.14282, -0.24461], [38.14659, -0.24198], [38.14842, -0.24187], [38.15133, -0.2435], [38.1581, -0.24127], [38.16022, -0.24053], [38.16365, -0.23743], [38.16472, -0.23262], [38.16384, -0.22734], [38.17547, -0.20761], [38.18311, -0.19247], [38.18589, -0.17456], [38.18486, -0.1689], [38.1868, -0.15558], [38.18864, -0.154], [38.19356, -0.15413], [38.19497, -0.15267], [38.19482, -0.14921], [38.19593, -0.1477], [38.19851, -0.14677], [38.20318, -0.14845], [38.20501, -0.14804], [38.20743, -0.14561], [38.20775, -0.14375], [38.20663, -0.13847], [38.20813, -0.13049], [38.20893, -0.12918], [38.21057, -0.12915], [38.21242, -0.12786], [38.21342, -0.1257], [38.2141, -0.11776], [38.21916, -0.11205], [38.22243, -0.10672], [38.22867, -0.10326], [38.23469, -0.09718], [38.243, -0.09371], [38.25002, -0.08944], [38.25176, -0.08909], [38.25648, -0.09008], [38.25933, -0.09171], [38.26225, -0.09486], [38.27187, -0.09747], [38.27328, -0.09672], [38.27613, -0.09029], [38.27864, -0.08776], [38.28098, -0.08682], [38.283, -0.08703], [38.28624, -0.0889], [38.28795, -0.08828], [38.29001, -0.07993], [38.29982, -0.07259], [38.30188, -0.0695], [38.3039, -0.06267], [38.30713, -0.05809], [38.31043, -0.05555], [38.31235, -0.05561], [38.31601, -0.05807], [38.3233, -0.06412], [38.3269, -0.06935], [38.32992, -0.07094], [38.33171, -0.07109], [38.33411, -0.06993], [38.33874, -0.065], [38.34324, -0.06454], [38.34761, -0.06523], [38.36276, -0.076], [38.36813, -0.08132], [38.37871, -0.08446], [38.38106, -0.08864], [38.3836, -0.09001], [38.38591, -0.08969], [38.38949, -0.08578], [38.39144, -0.08271], [38.3936, -0.07607], [38.40315, -0.07779], [38.41215, -0.07723], [38.41571, -0.07626], [38.42048, -0.07256], [38.42279, -0.07367], [38.42684, -0.07758], [38.43231, -0.07931], [38.43531, -0.07859], [38.43786, -0.07437], [38.43905, -0.07431], [38.45521, -0.08875], [38.46063, -0.08872], [38.4637, -0.08807], [38.47264, -0.0818], [38.48162, -0.07989], [38.48615, -0.07652], [38.48894, -0.07298], [38.49056, -0.06222], [38.4925, -0.06065], [38.49467, -0.06039], [38.50178, -0.06642], [38.5068, -0.06568], [38.50917, -0.06335], [38.51229, -0.06195], [38.51972, -0.06557], [38.52546, -0.06337], [38.53172, -0.05806], [38.53055, -0.04668], [38.53407, -0.04656], [38.53635, -0.04554], [38.54088, -0.04705], [38.543, -0.03313], [38.54586, -0.02999], [38.5488, -0.0224], [38.55537, -0.01927], [38.56014, -0.02215], [38.56253, -0.02212], [38.56503, -0.02096], [38.57334, -0.0234], [38.57952, -0.02706], [38.58933, -0.02842], [38.59611, -0.03491], [38.60076, -0.03674], [38.60382, -0.03671], [38.60802, -0.03251], [38.61233, -0.03206], [38.62611, -0.04324], [38.63704, -0.05543], [38.63974, -0.05674], [38.64922, -0.05615], [38.65313, -0.05001], [38.65529, -0.04875], [38.65767, -0.04857], [38.66137, -0.05092], [38.66926, -0.05265], [38.67816, -0.05748], [38.68412, -0.05727], [38.68565, -0.05482], [38.68593, -0.04601], [38.6873, -0.04371], [38.69024, -0.0434], [38.69412, -0.04913], [38.69946, -0.05482], [38.70702, -0.05871], [38.71279, -0.06521], [38.71535, -0.06418], [38.71823, -0.06584], [38.72636, -0.06637], [38.73848, -0.07268], [38.74453, -0.07281], [38.7502, -0.07506], [38.756, -0.07599], [38.75905, -0.07619], [38.76415, -0.07319], [38.7696, -0.07199], [38.77268, -0.07343], [38.78201, -0.08054], [38.78576, -0.08234], [38.79543, -0.08377], [38.80347, -0.0868], [38.81337, -0.0879], [38.81813, -0.09175], [38.83083, -0.09735], [38.83386, -0.09572], [38.8392, -0.09694], [38.84753, -0.09436], [38.8541, -0.09495], [38.86155, -0.09451], [38.86531, -0.09621], [38.88014, -0.0993], [38.88403, -0.09884], [38.88973, -0.09643], [38.89621, -0.09839], [38.90659, -0.09485], [38.91664, -0.08733], [38.91842, -0.08723], [38.9245, -0.09562]]}}, {"type": "Feature", "properties": {"name": "Nanyuki", "kind": "river"}, "geometry": {"type": "LineString", "coordinates": [[37.05116, 0.07942], [37.04811, 0.08041], [37.04758, 0.08194], [37.04837, 0.0827], [37.04694, 0.08257], [37.04756, 0.08373], [37.04495, 0.08519], [37.04547, 0.08786], [37.04304, 0.08871], [37.04287, 0.09034], [37.04156, 0.08991], [37.04237, 0.09132], [37.04047, 0.09152], [37.04101, 0.0924], [37.03393, 0.09717], [37.03435, 0.09827], [37.03324, 0.10012], [37.03211, 0.1005], [37.03327, 0.10176], [37.03272, 0.10313], [37.03359, 0.10446], [37.03281, 0.107], [37.03608, 0.11091], [37.03498, 0.11072], [37.03468, 0.11181], [37.03425, 0.11071], [37.03285, 0.11008], [37.03196, 0.11166], [37.0326, 0.11426], [37.03133, 0.11467], [37.03123, 0.11551], [37.03331, 0.1165], [37.0328, 0.11944], [37.03377, 0.12033], [37.03223, 0.12204], [37.03168, 0.12555], [37.03243, 0.12718], [37.03084, 0.13037], [37.03183, 0.13178], [37.03109, 0.1325], [37.03043, 0.13126], [37.02797, 0.13373], [37.02892, 0.13631], [37.02988, 0.13641], [37.02843, 0.14293], [37.03151, 0.14687], [37.0289, 0.14841], [37.02992, 0.14885], [37.02908, 0.14992], [37.02967, 0.15135], [37.02892, 0.15537], [37.02793, 0.15635], [37.02857, 0.15827], [37.02694, 0.16129], [37.0268, 0.1639], [37.02505, 0.16398], [37.02427, 0.16629], [37.02479, 0.16691], [37.02313, 0.16753], [37.02312, 0.16835], [37.0245, 0.1682], [37.02435, 0.17096], [37.02276, 0.17007], [37.02065, 0.17231], [37.01998, 0.17349], [37.02056, 0.17477], [37.01948, 0.17546], [37.01957, 0.17666], [37.0181, 0.17749], [37.01855, 0.17984], [37.01756, 0.18014], [37.01693, 0.17921], [37.01397, 0.18002], [37.01375, 0.18182], [37.01172, 0.18234], [37.01213, 0.1831], [37.01075, 0.18629], [37.01222, 0.18627], [37.01155, 0.1891], [37.01249, 0.19007], [37.0127, 0.19459], [37.01173, 0.19491], [37.01075, 0.197], [37.01102, 0.19825], [37.00876, 0.20019], [37.00955, 0.20353], [37.00859, 0.20498], [37.00895, 0.20713], [37.00764, 0.2079], [37.00766, 0.21116], [37.00666, 0.21008], [37.00559, 0.2107], [37.00354, 0.21591], [37.00103, 0.21625], [36.9996, 0.21553], [36.99946, 0.21635], [36.99751, 0.2173], [36.99494, 0.21641], [36.99382, 0.22017], [36.99153, 0.22078], [36.99229, 0.22239], [36.99094, 0.22343], [36.99085, 0.22446], [36.98982, 0.22472], [36.99049, 0.22633], [36.9892, 0.22906], [36.98799, 0.22937], [36.9874, 0.22871], [36.98782, 0.23032], [36.98621, 0.22996], [36.98652, 0.23172], [36.98522, 0.23166], [36.98469, 0.23365], [36.98345, 0.23327], [36.98107, 0.23477], [36.98087, 0.23636], [36.97903, 0.23594], [36.97928, 0.23726], [36.9779, 0.23876], [36.97681, 0.24251], [36.97583, 0.2439], [36.9748, 0.24403], [36.97457, 0.24813], [36.97127, 0.25021], [36.97107, 0.25209], [36.96777, 0.25691], [36.96429, 0.25782], [36.95893, 0.26325], [36.95565, 0.26236], [36.95412, 0.26273], [36.95345, 0.26111], [36.94834, 0.26341], [36.9472, 0.26513], [36.94616, 0.26481], [36.94496, 0.2658], [36.943, 0.27001], [36.94062, 0.27093], [36.94003, 0.27231], [36.93753, 0.27274], [36.93686, 0.27548], [36.93335, 0.27786], [36.93222, 0.28333], [36.92985, 0.28438], [36.92957, 0.28639], [36.92815, 0.28834], [36.92399, 0.29083], [36.92495, 0.29218], [36.92344, 0.29456], [36.92165, 0.29562], [36.92179, 0.29991], [36.92311, 0.3015], [36.92469, 0.30192], [36.92757, 0.30766], [36.92603, 0.3112], [36.92672, 0.31138], [36.9271, 0.31302], [36.92667, 0.3151], [36.92849, 0.31639], [36.92659, 0.32045], [36.92719, 0.32108], [36.92675, 0.32417], [36.92599, 0.32436], [36.92508, 0.32746], [36.92761, 0.33363], [36.9291, 0.3348], [36.92885, 0.33674], [36.93086, 0.33919], [36.93041, 0.34262], [36.9325, 0.34639], [36.92804, 0.35109], [36.92825, 0.35253], [36.92663, 0.35325], [36.92645, 0.35534], [36.92516, 0.35664]]}}, {"type": "Feature", "properties": {"name": "Kasaini River", "kind": "river"}, "geometry": {"type": "LineString", "coordinates": [[38.51593, -0.12471], [38.51652, -0.12414], [38.521, -0.12997], [38.5201, -0.13158], [38.52091, -0.13357], [38.51989, -0.13679], [38.52078, -0.13995], [38.5193, -0.14194], [38.51904, -0.1462], [38.51726, -0.14854], [38.5173, -0.15136], [38.51576, -0.15412], [38.51527, -0.15486], [38.5126, -0.15427], [38.51081, -0.15603], [38.50898, -0.15621], [38.50831, -0.1551], [38.5059, -0.15767], [38.50151, -0.15853], [38.49872, -0.16032], [38.49304, -0.16212], [38.49199, -0.16637], [38.48859, -0.16709], [38.48973, -0.16944], [38.48968, -0.17255], [38.49249, -0.17441], [38.49196, -0.17566], [38.49268, -0.18109], [38.49235, -0.18342], [38.48904, -0.18528], [38.49055, -0.18735], [38.4923, -0.19467], [38.4909, -0.20083], [38.48774, -0.20226], [38.48653, -0.20385], [38.48898, -0.2104], [38.48802, -0.21127], [38.48234, -0.21097], [38.47887, -0.21303], [38.47897, -0.21567], [38.48095, -0.21627], [38.48016, -0.21848], [38.48096, -0.22044], [38.47968, -0.22316], [38.47715, -0.22358], [38.47562, -0.22706], [38.47303, -0.22825], [38.47148, -0.23313], [38.46715, -0.23512], [38.46632, -0.23644], [38.46649, -0.23845], [38.46226, -0.23746], [38.46187, -0.24055], [38.46381, -0.24082], [38.46462, -0.24225], [38.46151, -0.24245], [38.46057, -0.24335], [38.46275, -0.24489], [38.46202, -0.2468], [38.45945, -0.24594], [38.45848, -0.24659], [38.4582, -0.24794], [38.46068, -0.24962], [38.46049, -0.2531], [38.45735, -0.25389], [38.45833, -0.25634], [38.45691, -0.25903], [38.45372, -0.26102], [38.45251, -0.26098], [38.45044, -0.2592], [38.45112, -0.25766], [38.45058, -0.25613], [38.44915, -0.25502], [38.44714, -0.25482], [38.44401, -0.25814], [38.44453, -0.26109], [38.44193, -0.26223], [38.44167, -0.2643], [38.4385, -0.26889], [38.43351, -0.27117], [38.43016, -0.27488], [38.43172, -0.27738], [38.42958, -0.27825], [38.43006, -0.28166], [38.42877, -0.28237], [38.42971, -0.28192], [38.42934, -0.27804], [38.43104, -0.27733], [38.42978, -0.27493], [38.43347, -0.27092], [38.43854, -0.26822], [38.44116, -0.26434], [38.4415, -0.26182], [38.44277, -0.26209], [38.44445, -0.26088], [38.44378, -0.25793], [38.44712, -0.25456], [38.44979, -0.25463], [38.45139, -0.25655], [38.45151, -0.25939], [38.45267, -0.26045], [38.45662, -0.2585], [38.45778, -0.25601], [38.45671, -0.25444], [38.45698, -0.25337], [38.45957, -0.25325], [38.46013, -0.24979], [38.45754, -0.24835], [38.45842, -0.24575], [38.46165, -0.24597], [38.46177, -0.24458], [38.45989, -0.24395], [38.46114, -0.24214], [38.46295, -0.24207], [38.46119, -0.24083], [38.46188, -0.23691], [38.46551, -0.238], [38.46623, -0.23498], [38.47069, -0.23285], [38.47254, -0.22763], [38.47528, -0.22588], [38.47662, -0.22294], [38.47866, -0.22249], [38.47986, -0.2208], [38.47876, -0.21663], [38.47689, -0.21415], [38.47703, -0.21304], [38.48188, -0.20977], [38.4877, -0.21035], [38.48735, -0.20746], [38.48542, -0.20339], [38.48564, -0.20174], [38.4892, -0.20044], [38.49204, -0.19502], [38.49108, -0.19216], [38.49149, -0.1908], [38.48956, -0.1868], [38.48791, -0.18529], [38.48829, -0.18447], [38.49175, -0.18303], [38.49227, -0.18151], [38.49078, -0.17759], [38.49211, -0.17441], [38.48927, -0.17278], [38.48908, -0.1694], [38.4879, -0.16686], [38.49159, -0.16569], [38.4919, -0.16254], [38.49349, -0.16039], [38.49981, -0.15879], [38.50216, -0.15639], [38.50609, -0.15681], [38.50729, -0.1541], [38.50997, -0.15517], [38.51203, -0.15358], [38.51466, -0.1536], [38.51695, -0.15058], [38.51687, -0.14756], [38.51865, -0.14673], [38.51876, -0.14312], [38.52051, -0.13966], [38.5194, -0.1364], [38.5199, -0.13495], [38.51867, -0.13149], [38.51898, -0.13036], [38.51724, -0.12954], [38.51519, -0.12643], [38.51489, -0.12518], [38.51593, -0.12471]]}}, {"type": "Feature", "properties": {"name": "Naro Moru", "kind": "stream"}, "geometry": {"type": "LineString", "coordinates": [[37.05972, -0.18159], [37.05936, -0.18066], [37.05806, -0.18052], [37.05878, -0.17959], [37.0584, -0.17768], [37.05656, -0.17624], [37.0549, -0.17744], [37.05332, -0.17586], [37.05197, -0.1759], [37.05031, -0.17386], [37.04896, -0.17348], [37.04736, -0.17433], [37.04742, -0.17285], [37.04431, -0.17216], [37.04406, -0.17075], [37.03947, -0.16942], [37.04006, -0.16889], [37.03923, -0.16744], [37.0371, -0.16787], [37.03578, -0.16689], [37.03482, -0.16755], [37.02738, -0.16727], [37.02731, -0.16555], [37.02593, -0.16343], [37.02358, -0.16282], [37.02383, -0.16213], [37.02194, -0.16286], [37.0207, -0.16105], [37.01993, -0.16102], [37.02076, -0.15878], [37.01949, -0.15928], [37.01971, -0.15811], [37.01821, -0.15579], [37.01459, -0.15626], [37.01182, -0.15456], [37.01128, -0.15117], [37.01202, -0.15016], [37.01007, -0.1461], [37.00798, -0.14645], [37.00757, -0.1452], [37.00626, -0.14507], [37.00568, -0.14602], [37.00546, -0.14531], [37.00455, -0.1456], [37.00478, -0.14423], [37.00357, -0.14384], [37.0038, -0.14297], [37.00165, -0.14229], [37.00053, -0.13953], [36.9998, -0.14008], [36.99862, -0.13909], [36.99933, -0.13839], [36.99885, -0.13795], [36.9977, -0.13899], [36.9966, -0.13788], [36.99596, -0.13925], [36.99362, -0.1402], [36.99334, -0.139], [36.99431, -0.13806], [36.99299, -0.13787], [36.99296, -0.13688], [36.99174, -0.13704], [36.98909, -0.13441], [36.9866, -0.13449], [36.98695, -0.13365], [36.98574, -0.13292], [36.98532, -0.13366], [36.98334, -0.13323], [36.9834, -0.13181], [36.98218, -0.13081], [36.98248, -0.12527], [36.98124, -0.12472], [36.98119, -0.12552], [36.98049, -0.12414], [36.9798, -0.12438], [36.97998, -0.12334], [36.97911, -0.12384], [36.97912, -0.12248], [36.97792, -0.12275], [36.97751, -0.12128], [36.97623, -0.12128], [36.9758, -0.11916], [36.97671, -0.11902], [36.97672, -0.11687], [36.97536, -0.11616], [36.97537, -0.11451], [36.97331, -0.11242], [36.97365, -0.11176], [36.97099, -0.11125], [36.97089, -0.10882], [36.96932, -0.10788], [36.96811, -0.10433], [36.96598, -0.10433], [36.96585, -0.10322], [36.96492, -0.10373], [36.9648, -0.10192], [36.96297, -0.10178], [36.96221, -0.09942], [36.95996, -0.09903], [36.96012, -0.09775], [36.96086, -0.09774], [36.95662, -0.09345], [36.95695, -0.09082], [36.95616, -0.09052], [36.95458, -0.08674], [36.95384, -0.08747], [36.95354, -0.08653], [36.95449, -0.08497], [36.95313, -0.08514], [36.95199, -0.08214], [36.95226, -0.08086], [36.95019, -0.08107], [36.95044, -0.07859], [36.9498, -0.07915], [36.94942, -0.07669], [36.94805, -0.0761], [36.9487, -0.07492], [36.94774, -0.07357], [36.9464, -0.07359], [36.94605, -0.07255], [36.94469, -0.07364], [36.94524, -0.07188], [36.94428, -0.0713], [36.94332, -0.07217], [36.94216, -0.07088], [36.94142, -0.07162], [36.94138, -0.06933], [36.93963, -0.06874], [36.93941, -0.06766], [36.9386, -0.06826], [36.93879, -0.0662], [36.93702, -0.06551], [36.93734, -0.06308], [36.93686, -0.06138], [36.93575, -0.0616], [36.93619, -0.0605], [36.93552, -0.0602], [36.93556, -0.05859], [36.9333, -0.0584], [36.93361, -0.05884], [36.93257, -0.05903], [36.93197, -0.05718], [36.93108, -0.05697], [36.93085, -0.05786], [36.92901, -0.05642], [36.92834, -0.05742], [36.927, -0.0547], [36.92577, -0.05558], [36.92486, -0.05482], [36.92448, -0.05601], [36.92365, -0.0558], [36.92412, -0.05301], [36.92276, -0.054], [36.92189, -0.05306], [36.92179, -0.05362], [36.91906, -0.0533], [36.9193, -0.05241], [36.91684, -0.05279], [36.91548, -0.05221], [36.91551, -0.05154], [36.91468, -0.05227], [36.91533, -0.0532], [36.91459, -0.05388], [36.91308, -0.0536], [36.91348, -0.05282], [36.91281, -0.05239], [36.90963, -0.05387]]}}, {"type": "Feature", "properties": {"name": "Sinyai", "kind": "river"}, "geometry": {"type": "LineString", "coordinates": [[37.25212, 0.15256], [37.25119, 0.1541], [37.24852, 0.15405], [37.24776, 0.15479], [37.24798, 0.15577], [37.2464, 0.15649], [37.24583, 0.15589], [37.24742, 0.16195], [37.24555, 0.1629], [37.24514, 0.16639], [37.24574, 0.16736], [37.2453, 0.16866], [37.24446, 0.16854], [37.24375, 0.16958], [37.24493, 0.17114], [37.24376, 0.17154], [37.24255, 0.1745], [37.24086, 0.17573], [37.24076, 0.17769], [37.23764, 0.17928], [37.23672, 0.17907], [37.23541, 0.18089], [37.23322, 0.17994], [37.22826, 0.18091], [37.22517, 0.18368], [37.22385, 0.18381], [37.22458, 0.18582], [37.22265, 0.18707], [37.22232, 0.1883], [37.22022, 0.18738], [37.21815, 0.18464], [37.21296, 0.18606], [37.20957, 0.18456], [37.20825, 0.18604], [37.20635, 0.18574], [37.20416, 0.18689], [37.20316, 0.18945], [37.20033, 0.18956], [37.2002, 0.19058], [37.19831, 0.19101], [37.19809, 0.19208], [37.19351, 0.19351], [37.19017, 0.19657], [37.18929, 0.19602], [37.18758, 0.19673], [37.18751, 0.19853], [37.18847, 0.199], [37.18752, 0.20142], [37.18468, 0.20518], [37.18332, 0.20555], [37.18324, 0.20666], [37.18234, 0.20618], [37.18291, 0.20712], [37.17869, 0.21102], [37.18006, 0.2113], [37.18047, 0.21502], [37.17922, 0.21604], [37.17935, 0.22493], [37.17836, 0.22717], [37.17742, 0.2274], [37.17648, 0.23149], [37.17773, 0.23638], [37.17685, 0.23726], [37.17902, 0.24065], [37.17912, 0.24286], [37.1781, 0.24319], [37.17806, 0.24492], [37.17666, 0.24587], [37.17858, 0.24917], [37.1794, 0.24926], [37.17923, 0.25019], [37.18078, 0.24983], [37.18129, 0.25233], [37.18073, 0.25365], [37.17987, 0.25378], [37.17998, 0.25486], [37.1782, 0.25594], [37.17881, 0.26068], [37.17586, 0.26408], [37.17645, 0.26473], [37.17509, 0.26705], [37.1757, 0.26879], [37.17486, 0.26956], [37.17544, 0.26991], [37.1739, 0.2713], [37.17423, 0.27248], [37.17355, 0.27292], [37.17457, 0.27365], [37.17347, 0.27498], [37.1741, 0.27655], [37.17518, 0.27707], [37.17486, 0.28317], [37.17622, 0.28603], [37.17452, 0.2858], [37.17468, 0.28683], [37.17349, 0.28762], [37.17477, 0.28811], [37.17132, 0.29334], [37.17195, 0.29528], [37.17107, 0.29764], [37.16774, 0.29713], [37.16769, 0.29801], [37.16605, 0.29832], [37.16609, 0.29926], [37.16174, 0.29924], [37.16203, 0.30012], [37.161, 0.29982], [37.15937, 0.30138], [37.15978, 0.30256], [37.15882, 0.30317], [37.15905, 0.30472], [37.15632, 0.30465], [37.1533, 0.30711], [37.15315, 0.30808], [37.14975, 0.3086], [37.1487, 0.31038], [37.14583, 0.31129], [37.14471, 0.30984], [37.14406, 0.31041], [37.14222, 0.31002], [37.14046, 0.31146], [37.14036, 0.31421], [37.13939, 0.31442], [37.13876, 0.31649], [37.13976, 0.31784], [37.13964, 0.32083], [37.13836, 0.32184], [37.1381, 0.32391], [37.13627, 0.32503], [37.13519, 0.32803], [37.13431, 0.3278], [37.13458, 0.33029], [37.13323, 0.3334], [37.13268, 0.3333], [37.1343, 0.33453], [37.13302, 0.33559], [37.13378, 0.33906], [37.13262, 0.33971], [37.13383, 0.34245], [37.13315, 0.34424], [37.13389, 0.34486], [37.13357, 0.34678], [37.13253, 0.34681], [37.13318, 0.34797], [37.13217, 0.34843], [37.1329, 0.35108], [37.13142, 0.35616], [37.13201, 0.35795], [37.13072, 0.35733], [37.13129, 0.359], [37.13064, 0.36005], [37.13132, 0.36101], [37.13014, 0.36229], [37.13036, 0.36352], [37.12883, 0.36364], [37.12833, 0.36676], [37.12748, 0.36692], [37.12677, 0.36939], [37.12586, 0.36955], [37.12424, 0.37179], [37.12306, 0.37485], [37.12055, 0.3759], [37.12103, 0.37683]]}}, {"type": "Feature", "properties": {"name": "mulangoni river", "kind": "river"}, "geometry": {"type": "LineString", "coordinates": [[38.28446, -0.38581], [38.28696, -0.38756], [38.2905, -0.38534], [38.29434, -0.38501], [38.29732, -0.38084], [38.29972, -0.38155], [38.30304, -0.38102], [38.30466, -0.37962], [38.30697, -0.3793], [38.30824, -0.37769], [38.3098, -0.37779], [38.31003, -0.3767], [38.31424, -0.3757], [38.31606, -0.37196], [38.31973, -0.37182], [38.32042, -0.3703], [38.32306, -0.37005], [38.32495, -0.36779], [38.32689, -0.36813], [38.3275, -0.36711], [38.32634, -0.36613], [38.32739, -0.36565], [38.32753, -0.36387], [38.32562, -0.36217], [38.3248, -0.35839], [38.32678, -0.35369], [38.32873, -0.35252], [38.33228, -0.35279], [38.33471, -0.34975], [38.33747, -0.34835], [38.3353, -0.34395], [38.33263, -0.34274], [38.32953, -0.33937], [38.33085, -0.33746], [38.33101, -0.33475], [38.3346, -0.33017], [38.33367, -0.32844], [38.33428, -0.32723], [38.33319, -0.32626], [38.33404, -0.32522], [38.33244, -0.32369], [38.33388, -0.32238], [38.33334, -0.3213], [38.33388, -0.31935], [38.33492, -0.31889], [38.33469, -0.31757], [38.33688, -0.31785], [38.33798, -0.31613], [38.33712, -0.31558], [38.33774, -0.3144], [38.33698, -0.31346], [38.33939, -0.31004], [38.34114, -0.31025], [38.34078, -0.30837], [38.3441, -0.30639], [38.34323, -0.30323], [38.34074, -0.30259], [38.34186, -0.30044], [38.34127, -0.29904], [38.34229, -0.29604], [38.33996, -0.29275], [38.34069, -0.29176], [38.34012, -0.28941], [38.34377, -0.28903], [38.34406, -0.29079], [38.34512, -0.29175], [38.34944, -0.28966], [38.34994, -0.28758], [38.34714, -0.28463], [38.34798, -0.2832], [38.35036, -0.28206], [38.35123, -0.28045], [38.35071, -0.27718], [38.35194, -0.2753], [38.35401, -0.27404], [38.35258, -0.27164], [38.34992, -0.27069], [38.34889, -0.26636], [38.34703, -0.26306], [38.34763, -0.25789], [38.34656, -0.25102], [38.34711, -0.24977], [38.3492, -0.24968], [38.34915, -0.24782], [38.35059, -0.24528], [38.35255, -0.24486], [38.35246, -0.24049], [38.35448, -0.23604], [38.35926, -0.23332], [38.35878, -0.23117], [38.35957, -0.23155], [38.36078, -0.22949], [38.36045, -0.22834], [38.35901, -0.22826], [38.35813, -0.22701], [38.35955, -0.22571], [38.3594, -0.22432], [38.36126, -0.22293], [38.36151, -0.22094], [38.36323, -0.22084], [38.36314, -0.21901], [38.36208, -0.21894], [38.36122, -0.21997], [38.36076, -0.21813], [38.36316, -0.21621], [38.36246, -0.21387], [38.36602, -0.20971], [38.36306, -0.2093], [38.36358, -0.2074], [38.36451, -0.20757], [38.36616, -0.20592], [38.36471, -0.2025], [38.36916, -0.20073], [38.36862, -0.19841], [38.37193, -0.19718], [38.37217, -0.19401], [38.37321, -0.19384], [38.37592, -0.19534], [38.37636, -0.19289], [38.37728, -0.19194], [38.37574, -0.19063], [38.37625, -0.18842], [38.37525, -0.18594], [38.37172, -0.18335], [38.37016, -0.18308], [38.36896, -0.17987], [38.37064, -0.1717], [38.37241, -0.17058], [38.37182, -0.16751], [38.3741, -0.16601], [38.37513, -0.16362], [38.37791, -0.16192], [38.37565, -0.16007], [38.37379, -0.16019], [38.37512, -0.15608], [38.37641, -0.15412], [38.3783, -0.15337], [38.38049, -0.15022], [38.38165, -0.14587], [38.38466, -0.14501], [38.38228, -0.14321], [38.38356, -0.13875], [38.38167, -0.13695], [38.38316, -0.13416], [38.38524, -0.13257], [38.38373, -0.1292], [38.38532, -0.12589], [38.38414, -0.1248], [38.38331, -0.12047], [38.38492, -0.11361], [38.38527, -0.10801], [38.38699, -0.10481], [38.38671, -0.10384], [38.38899, -0.10079], [38.39259, -0.09934], [38.3946, -0.09466], [38.39725, -0.09368], [38.39753, -0.09258], [38.39556, -0.08648], [38.3908, -0.08371]]}}, {"type": "Feature", "properties": {"name": "Sieku", "kind": "river"}, "geometry": {"type": "LineString", "coordinates": [[37.28747, 0.23598], [37.287, 0.23696], [37.28846, 0.23821], [37.28717, 0.24286], [37.28891, 0.24418], [37.28879, 0.24499], [37.28974, 0.24511], [37.28884, 0.24643], [37.28976, 0.24654], [37.28841, 0.2477], [37.28919, 0.24813], [37.28823, 0.24932], [37.28888, 0.24975], [37.28581, 0.25538], [37.28618, 0.25656], [37.28545, 0.25858], [37.28869, 0.26251], [37.28827, 0.26766], [37.29171, 0.26945], [37.29263, 0.27083], [37.28864, 0.27559], [37.29254, 0.27633], [37.29061, 0.27887], [37.29033, 0.28108], [37.29223, 0.28429], [37.29061, 0.28435], [37.29008, 0.28523], [37.28794, 0.28587], [37.28771, 0.28731], [37.2893, 0.28773], [37.28884, 0.28885], [37.28614, 0.28996], [37.28428, 0.29158], [37.28397, 0.29288], [37.28201, 0.29392], [37.28001, 0.298], [37.27892, 0.29841], [37.2762, 0.30315], [37.27347, 0.30568], [37.27127, 0.31505], [37.26959, 0.31783], [37.2713, 0.32062], [37.26962, 0.32091], [37.26938, 0.32219], [37.27127, 0.3249], [37.26933, 0.32927], [37.26816, 0.32925], [37.26865, 0.33445], [37.26691, 0.33564], [37.26557, 0.34415], [37.26624, 0.34735], [37.26588, 0.35065], [37.26494, 0.35189], [37.26346, 0.35948], [37.26148, 0.36046], [37.2615, 0.3659], [37.26035, 0.36962], [37.26049, 0.37047], [37.2621, 0.37108], [37.26184, 0.37363], [37.26276, 0.37589], [37.261, 0.37828], [37.2606, 0.38278], [37.26165, 0.38667], [37.25987, 0.38834], [37.25993, 0.38923], [37.26228, 0.3912], [37.2593, 0.39238], [37.25903, 0.39724], [37.25835, 0.39881], [37.25679, 0.39916], [37.25589, 0.40045], [37.25543, 0.40534], [37.25368, 0.40879], [37.25441, 0.41099], [37.25322, 0.41237], [37.25385, 0.41798], [37.25228, 0.41816], [37.25255, 0.41984], [37.25023, 0.4234], [37.25317, 0.42486], [37.2516, 0.42541], [37.25099, 0.42723], [37.25165, 0.42764], [37.2528, 0.42675], [37.25307, 0.42782], [37.25206, 0.429], [37.24795, 0.42835], [37.24571, 0.42941], [37.24505, 0.43132], [37.24714, 0.43277], [37.24709, 0.43355], [37.24493, 0.43306], [37.24308, 0.43494], [37.24119, 0.43466], [37.23954, 0.43553], [37.23834, 0.43883], [37.23852, 0.44211], [37.237, 0.44183], [37.23528, 0.44489], [37.23688, 0.44805], [37.23505, 0.449], [37.23518, 0.45171], [37.23701, 0.45336], [37.23396, 0.45473], [37.23608, 0.45541], [37.2364, 0.45693], [37.23195, 0.45924], [37.23217, 0.46444], [37.22997, 0.46397], [37.2271, 0.46597], [37.22739, 0.46662], [37.22954, 0.46604], [37.23026, 0.46662], [37.22864, 0.46785], [37.22847, 0.47064], [37.22722, 0.47292], [37.2277, 0.47465], [37.2259, 0.47605], [37.22663, 0.47765], [37.22499, 0.48476], [37.22598, 0.48498], [37.22802, 0.48305], [37.23614, 0.48395], [37.23689, 0.48469], [37.23476, 0.48759], [37.23538, 0.49034], [37.23342, 0.49389], [37.23436, 0.49382], [37.23469, 0.49573], [37.23397, 0.49954], [37.23241, 0.50216], [37.23554, 0.50892], [37.23505, 0.51383], [37.23569, 0.51919], [37.23798, 0.52135], [37.23902, 0.52363], [37.23771, 0.52998], [37.23991, 0.53163], [37.24203, 0.53757], [37.23922, 0.54292], [37.24059, 0.54743], [37.23923, 0.55016], [37.23835, 0.55528], [37.2409, 0.55761], [37.24111, 0.56115], [37.24244, 0.56292], [37.24055, 0.56776], [37.24191, 0.57], [37.23937, 0.57435], [37.24107, 0.57522], [37.24098, 0.57613], [37.23835, 0.57973], [37.23905, 0.58071], [37.24053, 0.5807], [37.2395, 0.58543], [37.23605, 0.59045]]}}, {"type": "Feature", "properties": {"name": "Kazita", "kind": "river"}, "geometry": {"type": "LineString", "coordinates": [[37.55782, 0.01481], [37.56502, 0.0143], [37.56741, 0.01285], [37.57064, 0.01327], [37.57886, 0.02003], [37.5797, 0.02402], [37.58199, 0.02506], [37.59189, 0.0208], [37.5982, 0.02271], [37.60116, 0.02177], [37.60515, 0.02194], [37.6054, 0.02579], [37.60636, 0.02653], [37.60837, 0.02728], [37.61229, 0.02626], [37.61457, 0.02979], [37.61604, 0.03064], [37.61543, 0.03128], [37.61668, 0.03207], [37.62068, 0.03101], [37.62084, 0.03166], [37.62271, 0.03154], [37.62318, 0.03272], [37.62752, 0.03388], [37.62785, 0.03716], [37.62923, 0.03886], [37.63083, 0.03873], [37.63083, 0.03989], [37.63343, 0.03976], [37.63443, 0.04065], [37.63447, 0.04212], [37.63539, 0.0414], [37.63855, 0.04454], [37.64546, 0.04144], [37.64793, 0.04327], [37.65441, 0.04299], [37.66054, 0.03866], [37.66178, 0.03663], [37.66444, 0.03697], [37.66379, 0.03601], [37.66422, 0.03539], [37.6671, 0.03558], [37.66646, 0.03353], [37.66761, 0.03505], [37.66758, 0.03315], [37.67201, 0.03217], [37.67219, 0.03341], [37.67371, 0.03357], [37.6744, 0.03578], [37.67835, 0.03528], [37.67909, 0.03605], [37.67861, 0.0371], [37.68023, 0.03775], [37.68486, 0.03874], [37.68828, 0.03764], [37.68894, 0.03953], [37.69037, 0.03968], [37.69156, 0.04341], [37.69293, 0.0438], [37.69389, 0.04251], [37.69649, 0.04431], [37.69792, 0.04351], [37.69993, 0.04426], [37.70192, 0.043], [37.70348, 0.04299], [37.70415, 0.04729], [37.70567, 0.04809], [37.70568, 0.04932], [37.70849, 0.04925], [37.70986, 0.05076], [37.7109, 0.04955], [37.71125, 0.0509], [37.71215, 0.05094], [37.71291, 0.05223], [37.7129, 0.05105], [37.71409, 0.05061], [37.71339, 0.05171], [37.71456, 0.05245], [37.7154, 0.05162], [37.71499, 0.05252], [37.71555, 0.05283], [37.71688, 0.05155], [37.72139, 0.05244], [37.72241, 0.05057], [37.72611, 0.0496], [37.72821, 0.05105], [37.73285, 0.05189], [37.73285, 0.05045], [37.73548, 0.04988], [37.73929, 0.05088], [37.74241, 0.05009], [37.74523, 0.04794], [37.74536, 0.04885], [37.74822, 0.04578], [37.74831, 0.04643], [37.74956, 0.04523], [37.75206, 0.04499], [37.75355, 0.04186], [37.75278, 0.04017], [37.75394, 0.03971], [37.75367, 0.03784], [37.75448, 0.03729], [37.75319, 0.03617], [37.75254, 0.03348], [37.75401, 0.03225], [37.75443, 0.03384], [37.75669, 0.03379], [37.75729, 0.03295], [37.75801, 0.03345], [37.75928, 0.03209], [37.7577, 0.03124], [37.75769, 0.03003], [37.75912, 0.0289], [37.76868, 0.02692], [37.77052, 0.02722], [37.77112, 0.02519], [37.77424, 0.02405], [37.7758, 0.02451], [37.77896, 0.02215], [37.78005, 0.02261], [37.78025, 0.02179], [37.78091, 0.02261], [37.78118, 0.02112], [37.78259, 0.02071], [37.78282, 0.02174], [37.7837, 0.02194], [37.78449, 0.02055], [37.78356, 0.01939], [37.7844, 0.0189], [37.78375, 0.01572], [37.78583, 0.01285], [37.78979, 0.01139], [37.79124, 0.01203], [37.79228, 0.01017], [37.79376, 0.01047], [37.79361, 0.00926], [37.79576, 0.00878], [37.79785, 0.00525], [37.80096, 0.00367], [37.80132, 0.00507], [37.80213, 0.00381], [37.80386, 0.00407], [37.80618, 0.00183], [37.80774, 0.00238], [37.81101, 0.00073], [37.8135, 0.00186], [37.81461, 0.00081], [37.81508, 0.00172], [37.81622, 0.00021], [37.81849, 0.00061], [37.81925, -0.00039], [37.82124, -0.00065], [37.82202, -0.00319]]}}, {"type": "Feature", "properties": {"name": "Ilusi-Ikya", "kind": "river"}, "geometry": {"type": "LineString", "coordinates": [[38.3341, -0.39048], [38.33832, -0.39086], [38.34227, -0.38834], [38.34419, -0.38471], [38.34539, -0.37808], [38.34923, -0.37434], [38.35169, -0.37383], [38.35222, -0.37246], [38.35431, -0.37187], [38.35509, -0.37074], [38.354, -0.36895], [38.35439, -0.36495], [38.35208, -0.36336], [38.35106, -0.36115], [38.35221, -0.35933], [38.35177, -0.35655], [38.35475, -0.35516], [38.35376, -0.35175], [38.35497, -0.35044], [38.35541, -0.34817], [38.35684, -0.34724], [38.35636, -0.3448], [38.35546, -0.34456], [38.35433, -0.34209], [38.35557, -0.34186], [38.35624, -0.33748], [38.358, -0.33387], [38.36072, -0.33323], [38.36169, -0.33051], [38.36057, -0.32842], [38.36317, -0.32523], [38.36408, -0.32527], [38.36394, -0.32438], [38.36574, -0.3225], [38.36632, -0.31508], [38.37097, -0.31335], [38.37587, -0.31409], [38.37751, -0.31222], [38.37746, -0.30908], [38.37494, -0.30663], [38.37424, -0.30384], [38.37501, -0.30197], [38.37358, -0.30039], [38.37455, -0.29901], [38.37382, -0.29787], [38.37665, -0.29487], [38.37532, -0.29369], [38.37678, -0.29317], [38.378, -0.29126], [38.38024, -0.29053], [38.3806, -0.28691], [38.38309, -0.28755], [38.38448, -0.28676], [38.38375, -0.28489], [38.38502, -0.28362], [38.38474, -0.28195], [38.38592, -0.28135], [38.38478, -0.27779], [38.38524, -0.27513], [38.38577, -0.27433], [38.38764, -0.2751], [38.38895, -0.27448], [38.3892, -0.27341], [38.3883, -0.2727], [38.38886, -0.27064], [38.39081, -0.26992], [38.39225, -0.26746], [38.39064, -0.26584], [38.3913, -0.26425], [38.38982, -0.2634], [38.38851, -0.26407], [38.38515, -0.26229], [38.38359, -0.25875], [38.38476, -0.25741], [38.38633, -0.25715], [38.38677, -0.25512], [38.38872, -0.25456], [38.38756, -0.25233], [38.39027, -0.25176], [38.39007, -0.25003], [38.38684, -0.24776], [38.38695, -0.24506], [38.38438, -0.24524], [38.38557, -0.24257], [38.38509, -0.24037], [38.38605, -0.23959], [38.38841, -0.24091], [38.38864, -0.24301], [38.38966, -0.24241], [38.38909, -0.23748], [38.3901, -0.23665], [38.39039, -0.23467], [38.38862, -0.23105], [38.39062, -0.22993], [38.3921, -0.22708], [38.39202, -0.22485], [38.3932, -0.2236], [38.39376, -0.21943], [38.39562, -0.21651], [38.39492, -0.21398], [38.39733, -0.21131], [38.3968, -0.21034], [38.39738, -0.20695], [38.39808, -0.2061], [38.40189, -0.20581], [38.40216, -0.21041], [38.40439, -0.21167], [38.40808, -0.2103], [38.40608, -0.20545], [38.40716, -0.20191], [38.41605, -0.19223], [38.41455, -0.19064], [38.41508, -0.1884], [38.41168, -0.18612], [38.41166, -0.18433], [38.41401, -0.18532], [38.41467, -0.18354], [38.41754, -0.18142], [38.41513, -0.17833], [38.4171, -0.17788], [38.41633, -0.17516], [38.417, -0.17439], [38.42389, -0.17512], [38.42354, -0.17052], [38.42617, -0.16929], [38.42819, -0.16692], [38.42791, -0.16172], [38.42866, -0.15987], [38.43372, -0.15666], [38.43437, -0.15253], [38.43822, -0.14734], [38.43748, -0.13817], [38.44214, -0.13895], [38.44167, -0.1355], [38.44001, -0.13401], [38.44187, -0.13201], [38.44167, -0.13009], [38.44211, -0.12932], [38.44737, -0.12759], [38.44892, -0.12569], [38.45032, -0.12227], [38.44845, -0.11878], [38.44893, -0.11648], [38.4475, -0.1127], [38.44914, -0.11113], [38.44868, -0.10796], [38.45134, -0.10192], [38.451, -0.09572]]}}, {"type": "Feature", "properties": {"name": "Sirimon", "kind": "river"}, "geometry": {"type": "LineString", "coordinates": [[37.31883, -0.08906], [37.31874, -0.07947], [37.31761, -0.07423], [37.31642, -0.07243], [37.30756, -0.06728], [37.3027, -0.05971], [37.30239, -0.05684], [37.30054, -0.05325], [37.29543, -0.04612], [37.29224, -0.04442], [37.2923, -0.04087], [37.28886, -0.03415], [37.28736, -0.02717], [37.28262, -0.0215], [37.27928, -0.0155], [37.2794, -0.01451], [37.2749, -0.01169], [37.27119, -0.00591], [37.26339, 0.0006], [37.26047, -5e-05], [37.25561, 0.00084], [37.25041, 0.00341], [37.25021, 0.00695], [37.25129, 0.01302], [37.24308, 0.02318], [37.23502, 0.02894], [37.2334, 0.03313], [37.2362, 0.03783], [37.23458, 0.03878], [37.23368, 0.0411], [37.23305, 0.04059], [37.23248, 0.04172], [37.23103, 0.04163], [37.23148, 0.04305], [37.22902, 0.04304], [37.22642, 0.04523], [37.22553, 0.04504], [37.22539, 0.04591], [37.22237, 0.04742], [37.2229, 0.04843], [37.22156, 0.04997], [37.21601, 0.05002], [37.21519, 0.05131], [37.21039, 0.05278], [37.20343, 0.05694], [37.20339, 0.05773], [37.20237, 0.05762], [37.20244, 0.05879], [37.20165, 0.05939], [37.20218, 0.06069], [37.20047, 0.06337], [37.19828, 0.06418], [37.19756, 0.06248], [37.19684, 0.06413], [37.19545, 0.06426], [37.19553, 0.06491], [37.19363, 0.0659], [37.1918, 0.06502], [37.18721, 0.0678], [37.1849, 0.06784], [37.18278, 0.07085], [37.18099, 0.07185], [37.18122, 0.07286], [37.18025, 0.07292], [37.18092, 0.07406], [37.18054, 0.07502], [37.17976, 0.07498], [37.18019, 0.07578], [37.17939, 0.0757], [37.18001, 0.07643], [37.17933, 0.07757], [37.17835, 0.07742], [37.17762, 0.07999], [37.17695, 0.07966], [37.17506, 0.08165], [37.17393, 0.08153], [37.17297, 0.08298], [37.17107, 0.08357], [37.1683, 0.08295], [37.16616, 0.0844], [37.16609, 0.08731], [37.16537, 0.08722], [37.16619, 0.08838], [37.16495, 0.08823], [37.1654, 0.08934], [37.164, 0.09132], [37.16328, 0.09068], [37.16288, 0.09138], [37.16225, 0.09102], [37.16205, 0.09184], [37.16071, 0.09188], [37.16066, 0.0927], [37.15689, 0.09383], [37.15577, 0.09336], [37.15357, 0.09448], [37.15028, 0.09439], [37.1498, 0.09539], [37.14871, 0.0955], [37.14815, 0.0947], [37.14553, 0.09579], [37.14436, 0.09454], [37.14411, 0.09629], [37.14357, 0.09573], [37.14202, 0.09738], [37.14123, 0.09654], [37.14079, 0.09721], [37.14027, 0.09654], [37.13757, 0.09694], [37.13698, 0.09605], [37.12704, 0.10124], [37.12542, 0.10029], [37.1241, 0.10134], [37.12201, 0.10109], [37.12133, 0.10441], [37.11951, 0.10615], [37.11889, 0.1087], [37.11755, 0.109], [37.11782, 0.11062], [37.11546, 0.11285], [37.11607, 0.11306], [37.1154, 0.11426], [37.11332, 0.11389], [37.11308, 0.11514], [37.11174, 0.11459], [37.11196, 0.11597], [37.10972, 0.11576], [37.10881, 0.11781], [37.10698, 0.11719], [37.10702, 0.11842], [37.10604, 0.1175], [37.10264, 0.11971], [37.10194, 0.11916], [37.10026, 0.12347], [37.09739, 0.12434], [37.09738, 0.12508], [37.09649, 0.12487], [37.09691, 0.12579], [37.09594, 0.12544], [37.09586, 0.12627], [37.09648, 0.1269], [37.09407, 0.1272], [37.09368, 0.12908]]}}, {"type": "Feature", "properties": {"name": "Timau", "kind": "river"}, "geometry": {"type": "LineString", "coordinates": [[37.2892, 0.06879], [37.28654, 0.07174], [37.285, 0.07212], [37.27677, 0.0817], [37.27335, 0.08437], [37.2664, 0.0845], [37.25724, 0.08656], [37.2497, 0.08421], [37.24447, 0.08697], [37.24161, 0.08989], [37.24102, 0.08906], [37.23969, 0.08974], [37.23692, 0.08802], [37.23611, 0.089], [37.23401, 0.089], [37.2321, 0.09001], [37.2286, 0.09448], [37.22824, 0.09616], [37.22166, 0.09735], [37.21943, 0.10098], [37.21689, 0.10211], [37.21413, 0.10123], [37.21178, 0.1029], [37.21005, 0.10174], [37.20877, 0.10255], [37.20477, 0.10177], [37.20451, 0.10313], [37.20349, 0.10207], [37.20239, 0.10263], [37.19913, 0.10125], [37.19705, 0.09905], [37.19456, 0.09925], [37.19199, 0.10242], [37.19085, 0.10151], [37.18828, 0.10366], [37.18561, 0.10379], [37.18536, 0.10443], [37.18373, 0.10375], [37.18366, 0.10532], [37.18336, 0.10468], [37.18149, 0.10528], [37.18108, 0.10633], [37.18009, 0.10511], [37.17576, 0.10385], [37.17344, 0.1022], [37.17221, 0.10198], [37.17172, 0.10285], [37.16991, 0.10057], [37.16859, 0.10142], [37.16614, 0.10067], [37.16515, 0.10311], [37.16372, 0.10224], [37.16309, 0.10334], [37.16109, 0.10331], [37.15985, 0.10495], [37.15858, 0.1051], [37.1551, 0.10808], [37.15395, 0.10764], [37.15365, 0.10888], [37.15202, 0.10912], [37.15185, 0.11003], [37.15124, 0.10902], [37.15032, 0.10919], [37.14965, 0.11245], [37.14904, 0.11192], [37.1483, 0.11256], [37.14853, 0.11407], [37.14562, 0.11583], [37.14658, 0.11713], [37.14528, 0.11678], [37.14491, 0.11761], [37.14367, 0.11757], [37.14317, 0.1166], [37.14231, 0.1168], [37.13884, 0.11941], [37.13889, 0.12062], [37.13567, 0.12221], [37.13597, 0.12317], [37.13103, 0.12526], [37.13037, 0.12474], [37.12523, 0.12574], [37.12462, 0.1244], [37.1222, 0.12678], [37.1215, 0.12592], [37.11639, 0.12599], [37.11697, 0.1273], [37.11636, 0.1294], [37.11552, 0.12887], [37.11378, 0.12961], [37.11362, 0.12844], [37.10988, 0.12949], [37.10601, 0.12784], [37.10457, 0.12871], [37.10019, 0.12798], [37.09796, 0.12919], [37.09187, 0.12942], [37.09079, 0.13143], [37.0888, 0.1321], [37.08708, 0.13162], [37.08598, 0.13238], [37.0835, 0.13006], [37.08167, 0.13098], [37.08053, 0.1307], [37.07972, 0.12848], [37.07689, 0.12596], [37.07545, 0.12515], [37.07386, 0.12539], [37.07294, 0.12234], [37.06708, 0.12217], [37.06404, 0.12459], [37.06423, 0.12713], [37.06329, 0.12713], [37.06304, 0.12843], [37.06125, 0.12789], [37.0601, 0.12842], [37.06017, 0.13051], [37.05788, 0.13268], [37.04962, 0.13533], [37.04724, 0.13483], [37.04429, 0.13842], [37.04082, 0.14074], [37.03537, 0.14216], [37.03271, 0.1415], [37.03274, 0.14395], [37.03226, 0.14438], [37.03193, 0.14331], [37.03092, 0.1433], [37.03148, 0.14641]]}}, {"type": "Feature", "properties": {"name": "Kipsing", "kind": "river"}, "geometry": {"type": "LineString", "coordinates": [[37.0891, 0.53032], [37.09339, 0.53272], [37.09189, 0.53497], [37.09264, 0.53599], [37.09179, 0.53871], [37.09245, 0.54043], [37.09153, 0.54127], [37.09109, 0.54531], [37.08821, 0.55289], [37.08912, 0.55673], [37.08752, 0.55704], [37.08767, 0.5608], [37.08674, 0.56173], [37.08754, 0.56213], [37.08708, 0.56738], [37.08888, 0.57171], [37.09151, 0.57248], [37.09732, 0.57135], [37.09929, 0.57428], [37.10087, 0.573], [37.10234, 0.57527], [37.10351, 0.5745], [37.10424, 0.57561], [37.10658, 0.57494], [37.10788, 0.57571], [37.11511, 0.5754], [37.11928, 0.57226], [37.12419, 0.57447], [37.12643, 0.57357], [37.12829, 0.57395], [37.13828, 0.57241], [37.14179, 0.57338], [37.14327, 0.5725], [37.14901, 0.57228], [37.15212, 0.5713], [37.15299, 0.5721], [37.15646, 0.57201], [37.15595, 0.574], [37.15712, 0.57561], [37.15828, 0.57586], [37.15928, 0.5809], [37.16287, 0.58134], [37.16297, 0.58339], [37.16552, 0.58368], [37.16834, 0.58752], [37.17194, 0.589], [37.17278, 0.59068], [37.17237, 0.59388], [37.17456, 0.59646], [37.17678, 0.59657], [37.17823, 0.5988], [37.18134, 0.59924], [37.18399, 0.60721], [37.18839, 0.60882], [37.18982, 0.61049], [37.18925, 0.61507], [37.19046, 0.61624], [37.19194, 0.61637], [37.19383, 0.61389], [37.19593, 0.61337], [37.19933, 0.61667], [37.204, 0.6171], [37.20776, 0.61587], [37.21273, 0.61206], [37.21783, 0.61119], [37.218, 0.60908], [37.21934, 0.60885], [37.21963, 0.60714], [37.22234, 0.60601], [37.22299, 0.60803], [37.22604, 0.60759], [37.22698, 0.60666], [37.22854, 0.60824], [37.23113, 0.60796], [37.23248, 0.60877], [37.23521, 0.60733], [37.2379, 0.60802], [37.23768, 0.60606], [37.23964, 0.60712], [37.24235, 0.60486], [37.24488, 0.60706], [37.24805, 0.60775], [37.25863, 0.60786], [37.26402, 0.61064], [37.2643, 0.61259], [37.26553, 0.61415], [37.26972, 0.61482], [37.27383, 0.62015], [37.27553, 0.62108], [37.27743, 0.62009], [37.27871, 0.62003], [37.27955, 0.62123], [37.28054, 0.62084], [37.28122, 0.61816], [37.28298, 0.61927], [37.2862, 0.61961], [37.29271, 0.61822], [37.29549, 0.6194], [37.30088, 0.6184], [37.30215, 0.62043], [37.30476, 0.62052], [37.30855, 0.62368], [37.31038, 0.62411], [37.31289, 0.62335], [37.31311, 0.62715], [37.3143, 0.62814], [37.32067, 0.62788], [37.32443, 0.63263], [37.32889, 0.63081], [37.33461, 0.63401], [37.33992, 0.63275], [37.3418, 0.63348], [37.34418, 0.63675]]}}, {"type": "Feature", "properties": {"name": "Ewaso Nyiro", "kind": "river"}, "geometry": {"type": "LineString", "coordinates": [[36.86825, 0.5315], [36.86261, 0.53894], [36.85924, 0.54518], [36.85739, 0.55229], [36.85904, 0.55374], [36.86335, 0.55376], [36.86508, 0.55601], [36.86519, 0.56411], [36.86443, 0.56884], [36.86824, 0.57543], [36.86776, 0.5796], [36.86887, 0.58436], [36.86787, 0.58798], [36.86677, 0.58887], [36.86665, 0.59087], [36.86806, 0.59263], [36.86797, 0.59453], [36.86921, 0.59619], [36.87209, 0.59619], [36.87401, 0.5983], [36.87587, 0.60315], [36.87998, 0.60272], [36.88031, 0.60554], [36.88292, 0.60702], [36.88376, 0.61063], [36.88569, 0.61055], [36.88709, 0.60799], [36.88901, 0.60777], [36.89119, 0.62123], [36.89196, 0.62157], [36.89367, 0.62011], [36.89484, 0.62044], [36.89536, 0.62377], [36.89787, 0.6285], [36.90731, 0.62915], [36.90892, 0.63036], [36.91009, 0.63331], [36.90995, 0.63865], [36.90884, 0.6418], [36.9102, 0.64663], [36.91245, 0.64699], [36.91303, 0.64791], [36.91221, 0.65438], [36.91413, 0.65635], [36.91386, 0.65943], [36.91515, 0.66021], [36.92033, 0.65869], [36.92291, 0.65982], [36.92439, 0.66413], [36.92436, 0.66899], [36.92515, 0.6707], [36.92722, 0.67209], [36.92745, 0.67357], [36.92593, 0.68926], [36.92675, 0.69195], [36.92688, 0.71928], [36.9277, 0.72714], [36.93206, 0.73209], [36.93155, 0.73656], [36.93227, 0.73951], [36.93154, 0.74279], [36.93231, 0.74625], [36.93491, 0.7509], [36.93699, 0.75151], [36.94163, 0.74549], [36.94906, 0.74155], [36.95192, 0.74225], [36.96732, 0.74043], [36.96922, 0.74221], [36.97074, 0.74166], [36.97214, 0.74247], [36.97434, 0.74537], [36.97724, 0.74287], [36.9798, 0.7425], [36.99289, 0.74591], [36.99359, 0.7474], [36.99568, 0.74884], [37.00189, 0.74775], [37.00526, 0.74847], [37.01589, 0.7531], [37.04556, 0.76383], [37.05879, 0.77023], [37.05981, 0.77001], [37.06187, 0.76505], [37.06778, 0.76337], [37.07034, 0.76393], [37.07118, 0.76621], [37.0714, 0.77137], [37.07054, 0.77385], [37.07128, 0.77599], [37.08625, 0.7802], [37.09199, 0.78036], [37.09327, 0.7808], [37.09439, 0.78258], [37.10107, 0.78488], [37.10394, 0.78512], [37.10782, 0.78386], [37.10898, 0.77931], [37.11106, 0.77813], [37.11606, 0.78072], [37.11781, 0.78049]]}}, {"type": "Feature", "properties": {"name": "Sinyai", "kind": "river"}, "geometry": {"type": "LineString", "coordinates": [[37.12103, 0.37683], [37.11883, 0.37824], [37.11802, 0.38401], [37.11606, 0.38515], [37.11727, 0.38901], [37.11574, 0.39181], [37.11326, 0.39285], [37.11024, 0.39108], [37.10413, 0.3896], [37.09823, 0.39258], [37.09704, 0.38987], [37.09455, 0.38939], [37.09274, 0.39053], [37.09143, 0.38917], [37.09013, 0.39182], [37.08864, 0.39253], [37.08738, 0.39469], [37.08666, 0.39651], [37.08738, 0.39873], [37.08682, 0.40067], [37.08578, 0.39957], [37.08327, 0.40158], [37.08291, 0.40278], [37.08166, 0.40222], [37.07887, 0.40279], [37.08104, 0.40488], [37.08171, 0.40745], [37.07927, 0.40885], [37.0793, 0.41212], [37.07814, 0.41339], [37.08174, 0.42418], [37.08026, 0.42587], [37.07957, 0.43018], [37.08004, 0.43246], [37.08218, 0.4353], [37.08036, 0.43899], [37.08277, 0.44146], [37.08042, 0.44198], [37.08025, 0.44393], [37.08252, 0.44454], [37.08314, 0.44905], [37.08596, 0.453], [37.08865, 0.45328], [37.08974, 0.45551], [37.0898, 0.45857], [37.09083, 0.45843], [37.0917, 0.45715], [37.09581, 0.45694], [37.09735, 0.45888], [37.09734, 0.46066], [37.09956, 0.46287], [37.09956, 0.46529], [37.10118, 0.46646], [37.10109, 0.46739], [37.09975, 0.46825], [37.10088, 0.47073], [37.1007, 0.47295], [37.09903, 0.48078], [37.09752, 0.48186], [37.0978, 0.48446], [37.10203, 0.48326], [37.102, 0.48635], [37.11044, 0.48605], [37.11229, 0.4883], [37.11303, 0.48639], [37.11629, 0.48612], [37.11828, 0.48366], [37.12078, 0.48695], [37.1245, 0.48789], [37.12524, 0.48951], [37.12514, 0.49958], [37.12232, 0.5052], [37.11946, 0.50589], [37.11976, 0.50895], [37.11697, 0.51048], [37.1173, 0.51496], [37.11471, 0.52057], [37.11845, 0.52242], [37.12318, 0.52628], [37.12513, 0.53148], [37.12882, 0.53304], [37.13059, 0.53537], [37.13273, 0.53553], [37.13495, 0.53712], [37.13815, 0.53634], [37.13882, 0.53789], [37.14011, 0.53821], [37.14128, 0.54015], [37.1407, 0.54258], [37.1421, 0.54445], [37.14216, 0.54604], [37.14416, 0.54727], [37.14536, 0.54952], [37.14495, 0.55129], [37.14647, 0.55234], [37.14689, 0.55591], [37.14977, 0.55849], [37.15248, 0.56244], [37.15389, 0.56713], [37.15348, 0.56972], [37.15646, 0.57201]]}}, {"type": "Feature", "properties": {"name": "Nanyuki", "kind": "river"}, "geometry": {"type": "LineString", "coordinates": [[37.243, -0.12376], [37.23766, -0.12097], [37.22664, -0.10919], [37.21903, -0.1071], [37.21075, -0.10665], [37.2082, -0.10469], [37.19952, -0.10303], [37.19721, -0.10085], [37.19527, -0.10069], [37.19323, -0.10157], [37.19168, -0.10073], [37.19096, -0.09928], [37.18261, -0.09216], [37.17654, -0.0905], [37.1717, -0.0875], [37.16907, -0.08429], [37.16426, -0.08332], [37.15667, -0.07796], [37.15143, -0.07524], [37.15043, -0.07537], [37.14962, -0.07408], [37.1468, -0.07402], [37.14671, -0.07296], [37.14219, -0.07115], [37.13882, -0.0668], [37.13549, -0.06526], [37.13369, -0.06152], [37.12998, -0.05913], [37.1296, -0.0596], [37.12695, -0.05718], [37.12706, -0.05648], [37.12368, -0.05396], [37.1233, -0.05193], [37.11971, -0.04755], [37.11975, -0.04529], [37.11668, -0.04248], [37.11654, -0.04048], [37.11418, -0.03949], [37.11099, -0.03499], [37.10862, -0.03451], [37.10806, -0.0333], [37.10658, -0.03304], [37.10653, -0.03208], [37.10559, -0.03239], [37.10524, -0.03062], [37.10448, -0.03104], [37.10378, -0.02976], [37.1034, -0.03037], [37.10251, -0.02969], [37.1008, -0.02785], [37.10057, -0.02483], [37.0986, -0.02296], [37.09693, -0.02253], [37.09646, -0.02116], [37.09559, -0.02122], [37.09568, -0.02043], [37.09426, -0.01957], [37.09426, -0.01835], [37.0924, -0.017], [37.09155, -0.01766], [37.08974, -0.01724], [37.0784, -0.00218], [37.07817, -0.00059], [37.07965, 0.00248], [37.07826, 0.00615], [37.07838, 0.00969], [37.08, 0.01604], [37.07521, 0.02177], [37.07426, 0.02393], [37.07483, 0.02539], [37.07021, 0.02964], [37.07094, 0.0297], [37.0711, 0.03087], [37.06976, 0.03064], [37.06377, 0.03598], [37.06331, 0.03416], [37.0623, 0.03468], [37.06226, 0.03897], [37.06019, 0.04219], [37.05802, 0.04375], [37.05464, 0.04928], [37.05384, 0.05412], [37.05258, 0.05559], [37.05302, 0.06381], [37.05525, 0.06431], [37.0565, 0.07031], [37.05758, 0.07088], [37.05631, 0.07076], [37.0552, 0.07245], [37.05349, 0.07303], [37.05427, 0.0744], [37.05217, 0.07489], [37.05152, 0.07731], [37.05231, 0.07836], [37.05116, 0.07924]]}}, {"type": "Feature", "properties": {"name": "Isiolo", "kind": "river"}, "geometry": {"type": "LineString", "coordinates": [[37.5501, 0.29643], [37.54956, 0.29974], [37.55078, 0.30423], [37.55043, 0.3049], [37.54824, 0.30506], [37.54864, 0.3072], [37.54723, 0.30897], [37.54802, 0.31031], [37.54745, 0.31237], [37.54998, 0.31402], [37.55131, 0.31903], [37.55373, 0.32255], [37.55506, 0.32264], [37.55638, 0.32565], [37.55617, 0.32788], [37.55748, 0.33056], [37.55677, 0.33135], [37.55775, 0.33214], [37.55808, 0.33426], [37.55809, 0.33522], [37.55661, 0.33562], [37.55753, 0.33706], [37.5579, 0.34039], [37.56072, 0.34086], [37.56053, 0.34359], [37.56316, 0.34655], [37.56313, 0.34942], [37.56614, 0.35205], [37.56763, 0.35215], [37.56784, 0.35529], [37.56875, 0.35675], [37.5704, 0.35745], [37.57036, 0.35994], [37.57574, 0.36405], [37.57483, 0.36656], [37.57601, 0.36969], [37.57848, 0.37229], [37.57831, 0.37344], [37.58074, 0.37546], [37.58044, 0.38057], [37.58285, 0.38401], [37.5833, 0.38933], [37.58181, 0.39], [37.58261, 0.39242], [37.58188, 0.39349], [37.5834, 0.39375], [37.58385, 0.39561], [37.58633, 0.39859], [37.58583, 0.40232], [37.58492, 0.40262], [37.58372, 0.40587], [37.58437, 0.40741], [37.58247, 0.40885], [37.58329, 0.41197], [37.58252, 0.41264], [37.58165, 0.41754], [37.58161, 0.42095], [37.58263, 0.42207], [37.58161, 0.42384], [37.58255, 0.42618], [37.58154, 0.42903], [37.5823, 0.43113], [37.58139, 0.43213], [37.58175, 0.43816], [37.58095, 0.44108], [37.58255, 0.44311], [37.58182, 0.44993], [37.58288, 0.46214], [37.58609, 0.46691], [37.58759, 0.47122], [37.58714, 0.47565], [37.58794, 0.48058], [37.58665, 0.48371], [37.59073, 0.49188], [37.59508, 0.49733], [37.59635, 0.50178], [37.59622, 0.50578], [37.591, 0.51301], [37.59263, 0.52105], [37.59502, 0.52329], [37.5946, 0.5253], [37.59718, 0.5303], [37.5964, 0.53248], [37.59714, 0.53554], [37.59648, 0.53731], [37.59814, 0.54333], [37.59634, 0.55137], [37.59354, 0.55688], [37.58927, 0.56022], [37.58388, 0.56226], [37.5826, 0.56388]]}}, {"type": "Feature", "properties": {"name": "Sera", "kind": "stream"}, "geometry": {"type": "LineString", "coordinates": [[37.79442, 0.9665], [37.79737, 0.96782], [37.80124, 0.96608], [37.8018, 0.96718], [37.80491, 0.96808], [37.80485, 0.96907], [37.80615, 0.9693], [37.80833, 0.97259], [37.81034, 0.97323], [37.81293, 0.97548], [37.81266, 0.98021], [37.81426, 0.98272], [37.81845, 0.98187], [37.82258, 0.98401], [37.82528, 0.9834], [37.82791, 0.98496], [37.83059, 0.9847], [37.83184, 0.98591], [37.83356, 0.99279], [37.83654, 0.99161], [37.83722, 0.99378], [37.84024, 0.9958], [37.8431, 0.99518], [37.84373, 0.99633], [37.84999, 0.99886], [37.85344, 0.99754], [37.85806, 0.99904], [37.85894, 1.00228], [37.86182, 1.00371], [37.86106, 1.00616], [37.86354, 1.00846], [37.86596, 1.01484], [37.86951, 1.01697], [37.87236, 1.01499], [37.8738, 1.01685], [37.87515, 1.025], [37.88123, 1.02691], [37.88679, 1.03154], [37.88752, 1.03317], [37.88627, 1.03617], [37.88976, 1.03753], [37.89403, 1.03797], [37.89549, 1.04266], [37.9001, 1.04453], [37.90634, 1.04166], [37.90886, 1.04465], [37.91965, 1.04884], [37.91765, 1.05289], [37.9189, 1.05528], [37.92403, 1.06012], [37.92235, 1.06155], [37.92012, 1.06675], [37.91714, 1.07113], [37.92422, 1.07599], [37.92733, 1.08161], [37.93229, 1.08428], [37.93867, 1.08558], [37.94108, 1.09079], [37.94241, 1.09733], [37.94415, 1.10039], [37.94623, 1.10014], [37.9477, 1.09801], [37.95001, 1.09659], [37.95209, 1.09308], [37.95975, 1.08944], [37.96517, 1.08829], [37.96653, 1.08861], [37.96758, 1.09028], [37.97181, 1.09218], [37.97637, 1.09127], [37.9782, 1.09201], [37.98148, 1.09924], [37.98529, 1.10067], [37.98839, 1.09388], [37.99117, 1.09363], [37.99366, 1.09627], [37.99568, 1.09718], [37.99819, 1.09628], [38.00187, 1.09318], [38.00442, 1.09484], [38.0061, 1.09496], [38.00449, 1.08907], [38.0073, 1.08585], [38.00893, 1.08667], [38.01118, 1.09001], [38.01335, 1.09091], [38.01649, 1.08969], [38.01881, 1.08747], [38.02456, 1.08856], [38.02613, 1.08386], [38.02839, 1.08297]]}}, {"type": "Feature", "properties": {"name": "Kaningo River", "kind": "river"}, "geometry": {"type": "LineString", "coordinates": [[38.29177, -0.34875], [38.2893, -0.34476], [38.28954, -0.34076], [38.28733, -0.33676], [38.29053, -0.33058], [38.2946, -0.32717], [38.29559, -0.32437], [38.2954, -0.31312], [38.29885, -0.30702], [38.29654, -0.30162], [38.2973, -0.30071], [38.2994, -0.30034], [38.30022, -0.29841], [38.29629, -0.28973], [38.30094, -0.28635], [38.30215, -0.28274], [38.3067, -0.28312], [38.30741, -0.28212], [38.30891, -0.28184], [38.30921, -0.27931], [38.31162, -0.27799], [38.31129, -0.27605], [38.31277, -0.27308], [38.31296, -0.27039], [38.31356, -0.27025], [38.31274, -0.26782], [38.31427, -0.26535], [38.31385, -0.26419], [38.31449, -0.26267], [38.31289, -0.26039], [38.3122, -0.25589], [38.31327, -0.25534], [38.31531, -0.25626], [38.31774, -0.25451], [38.31843, -0.25481], [38.31897, -0.25407], [38.31816, -0.25306], [38.31968, -0.25235], [38.3186, -0.25027], [38.32222, -0.24888], [38.32194, -0.24786], [38.32408, -0.24642], [38.32418, -0.24362], [38.32596, -0.24256], [38.32743, -0.23922], [38.32871, -0.23826], [38.32837, -0.23607], [38.33022, -0.23434], [38.33115, -0.23104], [38.33226, -0.23111], [38.33325, -0.22842], [38.33629, -0.22756], [38.33678, -0.2253], [38.33893, -0.22438], [38.33693, -0.22131], [38.33862, -0.21888], [38.33807, -0.21803], [38.33928, -0.21399], [38.33844, -0.20883], [38.33983, -0.20156], [38.34015, -0.20049], [38.34148, -0.20012], [38.34055, -0.19654], [38.34167, -0.19499], [38.34325, -0.18825], [38.34508, -0.18695], [38.3461, -0.17969], [38.34819, -0.18131], [38.35043, -0.17537], [38.35146, -0.17482], [38.35355, -0.17554], [38.35524, -0.17392], [38.35148, -0.17246], [38.3529, -0.16776], [38.35224, -0.16592], [38.35297, -0.16399], [38.35575, -0.16382], [38.35741, -0.16099], [38.3567, -0.15984], [38.35821, -0.16053], [38.36095, -0.16005], [38.35994, -0.16327], [38.36429, -0.16367], [38.36483, -0.16433], [38.36839, -0.16092], [38.37379, -0.16019]]}}, {"type": "Feature", "properties": {"name": "River Katse", "kind": "river"}, "geometry": {"type": "LineString", "coordinates": [[38.07441, -0.49242], [38.07612, -0.49273], [38.07578, -0.49097], [38.07669, -0.49022], [38.0768, -0.48577], [38.08607, -0.47557], [38.08588, -0.4731], [38.08118, -0.46868], [38.08208, -0.4643], [38.08419, -0.46342], [38.08855, -0.46377], [38.08944, -0.46118], [38.0879, -0.45956], [38.08892, -0.45675], [38.08651, -0.45407], [38.08667, -0.45305], [38.09052, -0.45073], [38.09073, -0.44942], [38.0901, -0.44483], [38.08776, -0.43805], [38.08717, -0.42908], [38.08867, -0.42626], [38.0888, -0.42236], [38.09043, -0.41898], [38.09527, -0.41676], [38.09653, -0.41137], [38.0982, -0.40861], [38.09747, -0.40788], [38.095, -0.40772], [38.09648, -0.401], [38.09499, -0.39887], [38.09924, -0.39748], [38.10297, -0.39467], [38.10366, -0.39268], [38.10674, -0.39205], [38.10397, -0.3895], [38.10367, -0.38822], [38.10355, -0.3869], [38.10752, -0.38549], [38.10515, -0.38267], [38.10446, -0.37778], [38.10581, -0.3751], [38.10872, -0.37447], [38.10763, -0.37328], [38.10794, -0.37186], [38.10649, -0.36808], [38.10782, -0.36765], [38.10841, -0.36332], [38.1108, -0.35932], [38.11209, -0.35866], [38.11211, -0.35806], [38.10866, -0.35664], [38.10872, -0.35572], [38.1167, -0.35087], [38.11666, -0.34756], [38.11982, -0.34731], [38.121, -0.34252], [38.122, -0.34181], [38.12203, -0.33793], [38.12102, -0.3372], [38.11816, -0.3383], [38.1172, -0.33602], [38.11376, -0.33542], [38.11595, -0.334], [38.11537, -0.33091], [38.11696, -0.33012], [38.1169, -0.32888], [38.11525, -0.32716], [38.11555, -0.326], [38.11677, -0.32546], [38.11758, -0.32289], [38.11658, -0.31746], [38.11842, -0.31823], [38.11887, -0.31761], [38.11621, -0.31501], [38.11728, -0.31117], [38.11649, -0.30871], [38.12007, -0.30798], [38.11917, -0.30641], [38.11799, -0.30714], [38.116, -0.30562], [38.11473, -0.30368], [38.11658, -0.30274], [38.11632, -0.30145], [38.11251, -0.2971]]}}, {"type": "Feature", "properties": {"name": "River Mũghoo", "kind": "river"}, "geometry": {"type": "LineString", "coordinates": [[38.17381, -0.48624], [38.17484, -0.48509], [38.17426, -0.48177], [38.17277, -0.48186], [38.17122, -0.47771], [38.16976, -0.4771], [38.17022, -0.4763], [38.1685, -0.47545], [38.16708, -0.47322], [38.16765, -0.47088], [38.16725, -0.46654], [38.16554, -0.46552], [38.16634, -0.46272], [38.16268, -0.45787], [38.15928, -0.45895], [38.158, -0.45672], [38.15625, -0.45638], [38.15518, -0.4547], [38.15497, -0.44972], [38.15671, -0.44841], [38.1564, -0.44573], [38.16029, -0.44019], [38.15795, -0.4382], [38.15364, -0.43717], [38.15295, -0.43481], [38.15441, -0.43011], [38.15638, -0.42811], [38.15572, -0.42575], [38.15752, -0.42361], [38.1556, -0.41925], [38.15632, -0.41697], [38.15415, -0.41677], [38.15732, -0.41445], [38.15795, -0.4124], [38.15694, -0.40966], [38.15499, -0.40975], [38.15575, -0.40689], [38.15204, -0.40784], [38.15258, -0.4061], [38.15518, -0.40304], [38.15846, -0.40257], [38.15791, -0.4013], [38.15894, -0.40115], [38.15679, -0.39753], [38.15721, -0.39638], [38.15843, -0.39632], [38.16335, -0.3925], [38.1626, -0.37913], [38.16375, -0.37496], [38.16691, -0.37081], [38.16501, -0.36705], [38.16641, -0.36401], [38.16735, -0.35797], [38.16685, -0.35672], [38.16392, -0.35473], [38.1606, -0.34909], [38.15609, -0.33572], [38.15386, -0.33421], [38.15364, -0.3296], [38.14948, -0.32801], [38.14866, -0.32093], [38.14572, -0.3188], [38.14346, -0.31482], [38.14136, -0.31504], [38.14138, -0.31323], [38.1431, -0.31159], [38.14309, -0.3106], [38.14091, -0.30888], [38.13787, -0.30842], [38.13733, -0.30522], [38.13512, -0.30411], [38.13606, -0.29968], [38.13476, -0.29827], [38.13105, -0.28904], [38.12912, -0.28769], [38.13071, -0.28603], [38.13391, -0.2871], [38.13521, -0.28459], [38.13306, -0.27779], [38.13301, -0.27647], [38.13402, -0.27522], [38.13144, -0.27396], [38.13247, -0.27036], [38.12902, -0.26454]]}}, {"type": "Feature", "properties": {"name": "Burguret", "kind": "stream"}, "geometry": {"type": "LineString", "coordinates": [[37.03685, -0.10931], [37.03602, -0.10849], [37.03679, -0.10715], [37.03595, -0.10657], [37.03645, -0.10544], [37.03452, -0.10272], [37.03457, -0.10162], [37.03305, -0.10041], [37.0317, -0.10068], [37.03088, -0.09928], [37.03113, -0.09621], [37.03205, -0.09643], [37.0315, -0.09439], [37.02954, -0.09484], [37.02941, -0.09256], [37.02671, -0.09173], [37.02572, -0.09262], [37.02431, -0.09031], [37.02381, -0.09188], [37.02303, -0.09117], [37.02378, -0.09007], [37.02333, -0.08951], [37.02449, -0.08921], [37.02323, -0.08425], [37.02091, -0.085], [37.02093, -0.08395], [37.01977, -0.08367], [37.01711, -0.08416], [37.01641, -0.08334], [37.01475, -0.08351], [37.0138, -0.08232], [37.01172, -0.08232], [37.00955, -0.0808], [37.0076, -0.08079], [37.00688, -0.07985], [37.0057, -0.08059], [37.00455, -0.08016], [37.00075, -0.07762], [36.99848, -0.0787], [36.9968, -0.07818], [36.99234, -0.08045], [36.98615, -0.08219], [36.98319, -0.08137], [36.98208, -0.07863], [36.98037, -0.07685], [36.98076, -0.07522], [36.97944, -0.07111], [36.97147, -0.06435], [36.97126, -0.0603], [36.97345, -0.05797], [36.9732, -0.05637], [36.97063, -0.05479], [36.96847, -0.05525], [36.9671, -0.05461], [36.96325, -0.0467], [36.96322, -0.04266], [36.96176, -0.03978], [36.96099, -0.03558], [36.95953, -0.03435], [36.95533, -0.03309], [36.9538, -0.03029], [36.95258, -0.02978], [36.95298, -0.02595], [36.95191, -0.0239], [36.9489, -0.02262], [36.94765, -0.01975], [36.94564, -0.01829], [36.94291, -0.01636], [36.94096, -0.01612], [36.93811, -0.00774], [36.93357, -0.00377], [36.93271, -0.00212], [36.92544, 5e-05], [36.92343, -0.00081], [36.91784, 0.00172], [36.91619, 0.00323], [36.9159, 0.0055], [36.91481, 0.00616], [36.91462, 0.00742], [36.91207, 0.00826]]}}, {"type": "Feature", "properties": {"name": "Lugga", "kind": "river"}, "geometry": {"type": "LineString", "coordinates": [[37.16292, 0.44646], [37.1606, 0.44666], [37.16144, 0.44726], [37.16148, 0.44857], [37.16013, 0.45239], [37.16161, 0.45337], [37.16034, 0.45385], [37.16056, 0.45623], [37.15865, 0.45543], [37.15839, 0.4537], [37.15599, 0.45279], [37.1514, 0.45503], [37.15073, 0.45932], [37.15152, 0.46369], [37.14927, 0.46608], [37.14974, 0.46887], [37.15094, 0.46884], [37.15127, 0.47032], [37.14979, 0.4708], [37.14876, 0.4723], [37.14893, 0.47374], [37.15022, 0.47409], [37.14927, 0.47493], [37.14884, 0.47781], [37.14676, 0.47746], [37.14693, 0.47965], [37.14416, 0.48141], [37.14511, 0.48259], [37.14753, 0.48293], [37.14803, 0.48414], [37.15037, 0.48454], [37.15157, 0.48731], [37.15262, 0.48768], [37.15616, 0.48643], [37.15983, 0.48961], [37.1623, 0.48901], [37.1653, 0.49122], [37.16498, 0.49482], [37.17073, 0.50345], [37.17223, 0.50422], [37.17616, 0.51336], [37.17822, 0.51372], [37.18105, 0.516], [37.18141, 0.52016], [37.18423, 0.52392], [37.18562, 0.52804], [37.18873, 0.53012], [37.18933, 0.53252], [37.19148, 0.53273], [37.19461, 0.5378], [37.19495, 0.54143], [37.1942, 0.54366], [37.19663, 0.55059], [37.19856, 0.55179], [37.19837, 0.55417], [37.19983, 0.55737], [37.20729, 0.56428], [37.2074, 0.56687], [37.20839, 0.567], [37.20914, 0.56949], [37.21244, 0.56986], [37.21543, 0.5714], [37.21673, 0.57262], [37.21742, 0.57492], [37.22021, 0.57552], [37.22509, 0.57994], [37.22844, 0.58026], [37.23183, 0.58369], [37.23234, 0.58614], [37.23513, 0.58745], [37.23476, 0.58887], [37.23605, 0.59045], [37.23601, 0.59392], [37.23808, 0.59761], [37.23663, 0.59859], [37.23665, 0.60074], [37.23907, 0.60204], [37.23942, 0.60321], [37.2418, 0.60493]]}}, {"type": "Feature", "properties": {"name": "Ngare Ngiro", "kind": "river"}, "geometry": {"type": "LineString", "coordinates": [[36.90063, 0.09061], [36.90253, 0.09201], [36.90151, 0.09244], [36.90198, 0.09481], [36.90072, 0.09749], [36.90109, 0.09854], [36.90017, 0.10161], [36.89685, 0.10409], [36.8939, 0.11039], [36.89386, 0.11258], [36.88965, 0.11194], [36.89002, 0.11345], [36.88836, 0.11989], [36.88684, 0.12267], [36.88929, 0.126], [36.88919, 0.12919], [36.89078, 0.13295], [36.88961, 0.137], [36.88809, 0.13869], [36.88843, 0.14168], [36.88702, 0.14434], [36.88727, 0.14666], [36.88851, 0.14766], [36.88874, 0.15209], [36.88808, 0.15353], [36.89302, 0.15615], [36.89207, 0.15929], [36.88978, 0.15914], [36.89007, 0.16066], [36.89148, 0.16137], [36.8918, 0.16263], [36.89093, 0.1642], [36.89136, 0.16503], [36.89416, 0.1655], [36.8936, 0.16949], [36.89709, 0.1732], [36.89781, 0.17533], [36.89764, 0.17723], [36.89488, 0.17974], [36.89416, 0.18201], [36.89985, 0.18461], [36.90339, 0.18442], [36.90233, 0.18736], [36.90293, 0.18882], [36.8996, 0.18666], [36.89862, 0.18784], [36.89907, 0.18894], [36.89504, 0.19319], [36.89478, 0.19453], [36.89615, 0.1959], [36.89814, 0.19528], [36.89794, 0.19772], [36.90006, 0.19948], [36.90239, 0.19867], [36.90451, 0.19915], [36.90263, 0.20087], [36.90405, 0.20346], [36.90279, 0.20915], [36.90535, 0.21063], [36.90699, 0.21431], [36.90662, 0.21488], [36.9043, 0.2139], [36.90316, 0.21443], [36.90314, 0.21801], [36.9071, 0.21848], [36.90752, 0.22004], [36.91356, 0.22336], [36.91318, 0.2246], [36.91123, 0.22427], [36.91075, 0.2252], [36.91152, 0.22739], [36.91392, 0.22943], [36.91361, 0.23068], [36.91219, 0.23275], [36.91088, 0.23329], [36.91011, 0.23566], [36.90796, 0.23574]]}}, {"type": "Feature", "properties": {"name": "Ngare mara river", "kind": "river"}, "geometry": {"type": "LineString", "coordinates": [[37.62332, 0.59697], [37.62318, 0.59557], [37.61935, 0.59301], [37.6182, 0.59133], [37.62018, 0.58728], [37.61946, 0.58462], [37.61988, 0.57853], [37.62111, 0.57551], [37.62424, 0.57218], [37.62438, 0.56702], [37.6266, 0.5612], [37.62913, 0.55952], [37.62954, 0.55795], [37.63144, 0.55661], [37.63504, 0.55009], [37.63566, 0.54725], [37.63438, 0.54531], [37.6341, 0.54261], [37.63595, 0.537], [37.63523, 0.53027], [37.63878, 0.5271], [37.6399, 0.52387], [37.64268, 0.52094], [37.64607, 0.51445], [37.64991, 0.51259], [37.65483, 0.50747], [37.65629, 0.50299], [37.65494, 0.49897], [37.65504, 0.49096], [37.65867, 0.48576], [37.66072, 0.48502], [37.66154, 0.48044], [37.65925, 0.47754], [37.65966, 0.47581], [37.65894, 0.4741], [37.66056, 0.46971], [37.65989, 0.46418], [37.66202, 0.45979], [37.66179, 0.45727], [37.6626, 0.45448], [37.65985, 0.44689], [37.65795, 0.44577], [37.65677, 0.44315], [37.65745, 0.43774], [37.6594, 0.43442], [37.65856, 0.43202], [37.65934, 0.42586], [37.65837, 0.42091], [37.65881, 0.41924], [37.66311, 0.41481], [37.66323, 0.40957], [37.66456, 0.4078], [37.66397, 0.40475], [37.66484, 0.39955], [37.66704, 0.3978], [37.67003, 0.39264], [37.67032, 0.39019], [37.66913, 0.38665], [37.67105, 0.38492], [37.67354, 0.37819], [37.67256, 0.3742], [37.67114, 0.37216], [37.67245, 0.36921], [37.67412, 0.36096], [37.67387, 0.35597], [37.67459, 0.35415], [37.67301, 0.35184], [37.67389, 0.34923], [37.67414, 0.35056], [37.67558, 0.34824], [37.67648, 0.34811], [37.67693, 0.34174], [37.67892, 0.33979]]}}, {"type": "Feature", "properties": {"name": "River Kasaini", "kind": "river"}, "geometry": {"type": "LineString", "coordinates": [[38.42883, -0.28194], [38.42781, -0.28037], [38.4252, -0.28053], [38.42385, -0.28204], [38.425, -0.28339], [38.42307, -0.28303], [38.42135, -0.28504], [38.42234, -0.2856], [38.4204, -0.28807], [38.42059, -0.28904], [38.42422, -0.29102], [38.4229, -0.29144], [38.4237, -0.29305], [38.42283, -0.29396], [38.41979, -0.29386], [38.41857, -0.29539], [38.42069, -0.2962], [38.42112, -0.29809], [38.41846, -0.2988], [38.41926, -0.30047], [38.41781, -0.30166], [38.41777, -0.30277], [38.41683, -0.30304], [38.4174, -0.30753], [38.4199, -0.30768], [38.41859, -0.30967], [38.41854, -0.31257], [38.4171, -0.31704], [38.4156, -0.31733], [38.41561, -0.31794], [38.41387, -0.31761], [38.41369, -0.31866], [38.41245, -0.31825], [38.41163, -0.32086], [38.40739, -0.32459], [38.40617, -0.32662], [38.40422, -0.32731], [38.40328, -0.33014], [38.40448, -0.3272], [38.40631, -0.32674], [38.4118, -0.32088], [38.41248, -0.31845], [38.41366, -0.31889], [38.41411, -0.31768], [38.41567, -0.31805], [38.4157, -0.31746], [38.41713, -0.31723], [38.41855, -0.31335], [38.41872, -0.30983], [38.42002, -0.30763], [38.41727, -0.30712], [38.41694, -0.3031], [38.41958, -0.30027], [38.41864, -0.29884], [38.42145, -0.29843], [38.42082, -0.29614], [38.41873, -0.29537], [38.41986, -0.294], [38.42319, -0.29396], [38.42393, -0.293], [38.42303, -0.29168], [38.42475, -0.29069], [38.42095, -0.28888], [38.42074, -0.28805], [38.4225, -0.28572], [38.42158, -0.2852], [38.42338, -0.28334], [38.42519, -0.28365], [38.42409, -0.28195], [38.42535, -0.28069], [38.42763, -0.28067], [38.42883, -0.28194]]}}, {"type": "Feature", "properties": {"name": "Ngare Ngiro", "kind": "river"}, "geometry": {"type": "LineString", "coordinates": [[36.91207, 0.00826], [36.91104, 0.00961], [36.91196, 0.01084], [36.91133, 0.01105], [36.91257, 0.01177], [36.91374, 0.01427], [36.91277, 0.0156], [36.91363, 0.01627], [36.91283, 0.01693], [36.91363, 0.01918], [36.9123, 0.02034], [36.9125, 0.02161], [36.91387, 0.02331], [36.91347, 0.02399], [36.91577, 0.02609], [36.91433, 0.02739], [36.91401, 0.02928], [36.91335, 0.029], [36.91336, 0.03008], [36.91199, 0.03035], [36.91128, 0.03388], [36.90901, 0.03432], [36.90772, 0.03358], [36.90758, 0.0358], [36.90576, 0.03456], [36.90385, 0.03589], [36.90308, 0.03781], [36.90465, 0.03846], [36.90282, 0.04105], [36.90153, 0.04126], [36.90207, 0.04342], [36.90327, 0.04459], [36.90148, 0.04708], [36.90412, 0.04909], [36.90138, 0.05444], [36.9014, 0.05583], [36.9004, 0.0561], [36.90272, 0.05815], [36.90215, 0.05968], [36.90342, 0.06091], [36.90224, 0.06123], [36.90207, 0.06265], [36.903, 0.06325], [36.90347, 0.06267], [36.90536, 0.06548], [36.90512, 0.06683], [36.90441, 0.06625], [36.9038, 0.06721], [36.90282, 0.07107], [36.90452, 0.074], [36.90317, 0.0748], [36.90481, 0.07759], [36.90446, 0.08107], [36.90242, 0.0824], [36.90207, 0.08372], [36.90241, 0.08442], [36.90379, 0.08401], [36.90496, 0.0848], [36.90328, 0.08597], [36.90378, 0.08685], [36.90295, 0.08802], [36.90133, 0.08644], [36.89994, 0.0872], [36.90077, 0.08974], [36.89932, 0.09015], [36.90063, 0.09061]]}}, {"type": "Feature", "properties": {"name": "Ontulili", "kind": "stream"}, "geometry": {"type": "LineString", "coordinates": [[37.14754, 0.03417], [37.14424, 0.03559], [37.14337, 0.03679], [37.1418, 0.03645], [37.1402, 0.03742], [37.13827, 0.04052], [37.13568, 0.04085], [37.13524, 0.0421], [37.13355, 0.04261], [37.12918, 0.04758], [37.12804, 0.04782], [37.12786, 0.04908], [37.12407, 0.05127], [37.12219, 0.05527], [37.12028, 0.0567], [37.11992, 0.0593], [37.11506, 0.06259], [37.11202, 0.06966], [37.1114, 0.06954], [37.11059, 0.07202], [37.10919, 0.07303], [37.10416, 0.0753], [37.10185, 0.07475], [37.10203, 0.07622], [37.10087, 0.07655], [37.10003, 0.07879], [37.0991, 0.07811], [37.09766, 0.07961], [37.09682, 0.0787], [37.09605, 0.07973], [37.09093, 0.08049], [37.08913, 0.07877], [37.08737, 0.07842], [37.07608, 0.08265], [37.07618, 0.08363], [37.07384, 0.08698], [37.07422, 0.08826], [37.07323, 0.08856], [37.07223, 0.0917], [37.06991, 0.09314], [37.07035, 0.0959], [37.06658, 0.10055], [37.06646, 0.10175], [37.06502, 0.1015], [37.06448, 0.10323], [37.06293, 0.10407], [37.06323, 0.10504], [37.0616, 0.10548], [37.05872, 0.10929], [37.05926, 0.11022], [37.05679, 0.1118], [37.05527, 0.11558], [37.05307, 0.11687], [37.05218, 0.11869], [37.05024, 0.11935], [37.05077, 0.12006], [37.05024, 0.12213], [37.05162, 0.12406], [37.05133, 0.12546], [37.04511, 0.12997], [37.04574, 0.13078], [37.04452, 0.13205], [37.04429, 0.13427], [37.04542, 0.13655]]}}, {"type": "Feature", "properties": {"name": "Ngare Ndare", "kind": "river"}, "geometry": {"type": "LineString", "coordinates": [[37.3899, 0.28555], [37.39222, 0.28643], [37.39306, 0.28815], [37.39508, 0.28877], [37.39505, 0.2909], [37.39604, 0.29264], [37.39418, 0.29291], [37.39357, 0.29648], [37.39675, 0.29829], [37.39468, 0.30069], [37.39354, 0.30377], [37.39351, 0.30473], [37.39529, 0.30614], [37.39431, 0.30703], [37.3942, 0.30982], [37.39183, 0.31085], [37.39214, 0.31336], [37.39422, 0.31503], [37.39315, 0.31827], [37.3934, 0.32043], [37.39115, 0.32438], [37.39236, 0.32532], [37.39275, 0.32974], [37.39364, 0.33158], [37.393, 0.33322], [37.39368, 0.33383], [37.39203, 0.33732], [37.39392, 0.34235], [37.39394, 0.34342], [37.39278, 0.34304], [37.39209, 0.34454], [37.39219, 0.34659], [37.39317, 0.34745], [37.39244, 0.34961], [37.39312, 0.35248], [37.39166, 0.35446], [37.38924, 0.35454], [37.38698, 0.35603], [37.38342, 0.35507], [37.38408, 0.35837], [37.38338, 0.36064], [37.38276, 0.3618], [37.38032, 0.36107], [37.3786, 0.36493], [37.37936, 0.36619], [37.37824, 0.36672], [37.37906, 0.37326], [37.38032, 0.37653], [37.37652, 0.38006], [37.37368, 0.38006], [37.37091, 0.38211], [37.37049, 0.38443], [37.37161, 0.38697], [37.37029, 0.39004], [37.37056, 0.39299], [37.36968, 0.39675], [37.36786, 0.39701], [37.36775, 0.3998], [37.3631, 0.40834], [37.36065, 0.40805], [37.35458, 0.41085]]}}, {"type": "Feature", "properties": {"name": "Mivukoni River", "kind": "river"}, "geometry": {"type": "LineString", "coordinates": [[38.26178, -0.44856], [38.25848, -0.44486], [38.25628, -0.44066], [38.25585, -0.43537], [38.25457, -0.43397], [38.25309, -0.42912], [38.25128, -0.42706], [38.24916, -0.42747], [38.24841, -0.42607], [38.24538, -0.42532], [38.24379, -0.42205], [38.24148, -0.42066], [38.24126, -0.41885], [38.24232, -0.4183], [38.24158, -0.41536], [38.24004, -0.41411], [38.23706, -0.41379], [38.23615, -0.41451], [38.23402, -0.41344], [38.23179, -0.41051], [38.23282, -0.40799], [38.23102, -0.40657], [38.22956, -0.40654], [38.22751, -0.40412], [38.22416, -0.405], [38.22117, -0.40689], [38.21935, -0.40479], [38.2158, -0.40262], [38.21516, -0.40038], [38.21369, -0.40006], [38.21406, -0.39915], [38.21004, -0.39558], [38.21035, -0.39287], [38.20732, -0.39014], [38.20829, -0.38731], [38.20617, -0.38547], [38.20602, -0.38169], [38.20432, -0.37999], [38.20505, -0.37703], [38.20372, -0.37626], [38.20364, -0.37341], [38.20225, -0.37357], [38.20238, -0.3704], [38.20086, -0.36894], [38.20077, -0.36667], [38.19953, -0.36452], [38.2001, -0.35638], [38.19937, -0.35421], [38.19704, -0.35329], [38.19598, -0.35097], [38.19395, -0.34406], [38.19408, -0.34029], [38.19122, -0.33826], [38.18998, -0.33445], [38.19118, -0.33209], [38.18861, -0.32768], [38.18978, -0.32727], [38.18989, -0.32553], [38.18689, -0.32276], [38.18646, -0.31951]]}}, {"type": "Feature", "properties": {"name": "Burguret", "kind": "stream"}, "geometry": {"type": "LineString", "coordinates": [[37.26654, -0.14632], [37.26555, -0.14692], [37.26021, -0.14681], [37.25377, -0.14477], [37.25006, -0.14212], [37.24681, -0.1419], [37.23529, -0.14222], [37.22742, -0.14528], [37.21629, -0.14334], [37.2119, -0.1444], [37.20856, -0.14378], [37.20339, -0.14057], [37.19803, -0.1411], [37.19575, -0.13975], [37.1891, -0.1395], [37.18251, -0.13477], [37.18128, -0.12785], [37.18009, -0.12598], [37.17696, -0.12487], [37.17506, -0.12551], [37.17177, -0.12501], [37.17028, -0.12382], [37.1655, -0.12456], [37.16011, -0.12343], [37.15902, -0.12237], [37.15938, -0.11985], [37.15366, -0.11521], [37.15285, -0.11213], [37.14993, -0.11144], [37.14599, -0.10854], [37.14377, -0.10784], [37.13809, -0.10969], [37.13765, -0.11152], [37.13513, -0.11476], [37.13208, -0.11657], [37.12875, -0.1201], [37.12755, -0.12346], [37.12195, -0.12457], [37.12021, -0.12672], [37.10936, -0.12887], [37.10831, -0.12815], [37.10277, -0.12766], [37.09487, -0.12296], [37.09072, -0.12146], [37.08907, -0.11948], [37.0882, -0.12061], [37.08563, -0.12026], [37.08045, -0.12274], [37.07691, -0.12078], [37.07021, -0.12024], [37.06794, -0.11626], [37.067, -0.11798], [37.06521, -0.11738], [37.06227, -0.11781], [37.05749, -0.1164], [37.05183, -0.11749], [37.05082, -0.11835], [37.04478, -0.11704]]}}, {"type": "Feature", "properties": {"name": "Likii", "kind": "river"}, "geometry": {"type": "LineString", "coordinates": [[37.11546, -0.01463], [37.11477, -0.01395], [37.11319, -0.01435], [37.11198, -0.0128], [37.11205, -0.01119], [37.10882, -0.00606], [37.10925, -0.00385], [37.10809, -0.00339], [37.10767, -0.00048], [37.10524, 0.00063], [37.10449, 0.00287], [37.10302, 0.00379], [37.10394, 0.00521], [37.10126, 0.00756], [37.10164, 0.00956], [37.09935, 0.01127], [37.09782, 0.01053], [37.09784, 0.01386], [37.09638, 0.01341], [37.09416, 0.01519], [37.09297, 0.01726], [37.09376, 0.01842], [37.09095, 0.01926], [37.09002, 0.02053], [37.08828, 0.02024], [37.08787, 0.02112], [37.08706, 0.02066], [37.08664, 0.02245], [37.08737, 0.02388], [37.08461, 0.02432], [37.08533, 0.02612], [37.08394, 0.02531], [37.08411, 0.02688], [37.08288, 0.02628], [37.08056, 0.02672], [37.08025, 0.02825], [37.07931, 0.02809], [37.0797, 0.02976], [37.07823, 0.02928], [37.07735, 0.0321], [37.07473, 0.03287], [37.07509, 0.03401], [37.07372, 0.03384], [37.07395, 0.03466], [37.07244, 0.03533], [37.06942, 0.03907], [37.06653, 0.04003], [37.06724, 0.04168], [37.06624, 0.04121], [37.06573, 0.04176], [37.06667, 0.04343], [37.06461, 0.04385], [37.0591, 0.04864], [37.05775, 0.05524], [37.05648, 0.05643], [37.0564, 0.06253], [37.05525, 0.06431]]}}, {"type": "Feature", "properties": {"name": "Ragati River", "kind": "river"}, "geometry": {"type": "LineString", "coordinates": [[37.19286, -0.33265], [37.18968, -0.33518], [37.18645, -0.33627], [37.1835, -0.33891], [37.18121, -0.33952], [37.18015, -0.34158], [37.17703, -0.34242], [37.17714, -0.34378], [37.17483, -0.34299], [37.17426, -0.3438], [37.17209, -0.34411], [37.1706, -0.3479], [37.16828, -0.3504], [37.16678, -0.35569], [37.16536, -0.35606], [37.16581, -0.35691], [37.16447, -0.35824], [37.16348, -0.3614], [37.15754, -0.36773], [37.15696, -0.36946], [37.15786, -0.37148], [37.1559, -0.37529], [37.15795, -0.37728], [37.15761, -0.37909], [37.15895, -0.38074], [37.15803, -0.3876], [37.16059, -0.39155], [37.15903, -0.39316], [37.15886, -0.39491], [37.15752, -0.39461], [37.15647, -0.39636], [37.15601, -0.3974], [37.15661, -0.39993], [37.15444, -0.40369], [37.15511, -0.40546], [37.15448, -0.40812], [37.15188, -0.4107], [37.15455, -0.41604], [37.15469, -0.41699], [37.15353, -0.41823], [37.15452, -0.4199], [37.15503, -0.42654], [37.1564, -0.42884], [37.15548, -0.43067], [37.15218, -0.4318], [37.15076, -0.43314], [37.14927, -0.43658], [37.14989, -0.43763], [37.14698, -0.43966], [37.14783, -0.44006], [37.14756, -0.44096]]}}, {"type": "Feature", "properties": {"name": "Ewaso Nyiro", "kind": "river"}, "geometry": {"type": "LineString", "coordinates": [[37.11781, 0.78049], [37.12387, 0.77466], [37.12632, 0.77072], [37.12892, 0.76348], [37.13254, 0.76158], [37.13554, 0.7578], [37.13971, 0.75717], [37.14925, 0.75843], [37.15122, 0.75764], [37.1528, 0.75244], [37.15453, 0.75024], [37.16194, 0.74921], [37.16351, 0.74787], [37.16495, 0.74269], [37.1699, 0.74031], [37.17423, 0.74307], [37.17707, 0.74314], [37.18266, 0.74054], [37.18818, 0.74244], [37.20024, 0.74433], [37.20292, 0.74401], [37.2052, 0.74236], [37.20694, 0.73905], [37.21017, 0.73952], [37.21253, 0.73802], [37.22033, 0.73771], [37.22435, 0.74047], [37.2305, 0.7474], [37.23649, 0.74976], [37.23751, 0.75315], [37.25249, 0.76198], [37.25643, 0.76292], [37.27605, 0.74228], [37.28148, 0.73853], [37.28976, 0.73474], [37.29102, 0.73031], [37.29319, 0.72698], [37.29863, 0.72274], [37.30156, 0.7177], [37.30685, 0.70055], [37.31114, 0.69551], [37.31487, 0.68411], [37.32138, 0.67523], [37.32673, 0.66474], [37.32698, 0.65698], [37.33082, 0.65288], [37.33333, 0.64815], [37.34221, 0.64543], [37.34382, 0.6418], [37.34418, 0.63675]]}}, {"type": "Feature", "properties": {"name": "Rongai", "kind": "stream"}, "geometry": {"type": "LineString", "coordinates": [[37.07101, -0.04727], [37.06788, -0.04324], [37.06582, -0.04336], [37.06538, -0.04476], [37.06328, -0.04404], [37.06064, -0.04683], [37.05624, -0.04604], [37.05629, -0.04687], [37.05547, -0.04691], [37.0546, -0.04602], [37.05346, -0.04684], [37.05305, -0.04567], [37.05046, -0.04555], [37.04863, -0.04327], [37.04643, -0.04343], [37.0441, -0.04246], [37.04393, -0.0417], [37.0433, -0.04259], [37.04272, -0.04166], [37.04186, -0.04277], [37.04048, -0.04237], [37.04041, -0.04306], [37.03855, -0.04218], [37.03852, -0.04362], [37.03645, -0.04357], [37.03467, -0.04668], [37.03385, -0.04641], [37.03402, -0.04721], [37.03291, -0.04716], [37.03226, -0.04614], [37.03077, -0.04694], [37.03043, -0.04601], [37.02987, -0.04774], [37.02926, -0.0461], [37.02816, -0.04714], [37.02727, -0.04668], [37.02728, -0.04735], [37.02673, -0.04635], [37.02431, -0.04537], [37.02321, -0.04591], [37.02022, -0.04362], [37.01904, -0.04442], [37.01956, -0.04349], [37.01658, -0.04181], [37.016, -0.03924], [37.01483, -0.03961], [37.01181, -0.03539], [37.00684, -0.03502], [37.00437, -0.03214], [37.00353, -0.03213]]}}, {"type": "Feature", "properties": {"name": "nagorr owouru river", "kind": "river"}, "geometry": {"type": "LineString", "coordinates": [[37.33341, 0.98423], [37.3327, 0.98417], [37.3328, 0.9856], [37.33134, 0.98506], [37.32971, 0.98603], [37.3275, 0.99016], [37.32005, 0.98829], [37.3137, 0.99305], [37.3121, 0.99248], [37.31002, 0.9942], [37.30741, 0.99383], [37.30455, 0.99476], [37.30424, 0.99559], [37.3018, 0.99596], [37.30075, 0.99703], [37.2984, 0.99672], [37.29641, 0.99945], [37.29037, 1.00121], [37.28714, 1.00393], [37.28584, 1.00683], [37.28058, 1.00985], [37.27755, 1.01083], [37.27368, 1.00911], [37.2714, 1.00961], [37.26956, 1.00897], [37.26797, 1.00966], [37.26761, 1.00875], [37.26536, 1.0121], [37.26016, 1.01282], [37.25823, 1.01091], [37.25645, 1.01114], [37.25604, 1.01047], [37.2536, 1.01096], [37.25255, 1.01256], [37.24998, 1.01095], [37.2489, 1.00865], [37.24659, 1.00896], [37.24443, 1.00429], [37.24405, 1.00238], [37.24658, 0.99423], [37.24412, 0.98877], [37.24436, 0.98381], [37.24381, 0.98297], [37.24622, 0.98045], [37.24538, 0.97876], [37.24277, 0.97679], [37.24174, 0.97207], [37.23868, 0.96788], [37.23877, 0.96608]]}}, {"type": "Feature", "properties": {"name": "East Marania", "kind": "river"}, "geometry": {"type": "LineString", "coordinates": [[37.50089, 0.15676], [37.50104, 0.15958], [37.49768, 0.16224], [37.49679, 0.16434], [37.49733, 0.16568], [37.49658, 0.16853], [37.49753, 0.17093], [37.4936, 0.17703], [37.49404, 0.18348], [37.4935, 0.18756], [37.49284, 0.18768], [37.49296, 0.19111], [37.49075, 0.19508], [37.49294, 0.1994], [37.49207, 0.20432], [37.49374, 0.2066], [37.49372, 0.20943], [37.49582, 0.21346], [37.49679, 0.21353], [37.498, 0.21509], [37.49963, 0.21883], [37.50387, 0.2207], [37.5064, 0.22293], [37.51484, 0.2258], [37.51638, 0.22972], [37.51478, 0.23106], [37.52, 0.2342], [37.52388, 0.24002], [37.52623, 0.24116], [37.52818, 0.24605], [37.53009, 0.24732], [37.53066, 0.25448], [37.53152, 0.25614], [37.53663, 0.25992], [37.53683, 0.26248], [37.5381, 0.26493], [37.53776, 0.26601], [37.54477, 0.27201], [37.54389, 0.27349], [37.54745, 0.27675], [37.54735, 0.27988], [37.5483, 0.28061], [37.54845, 0.28289], [37.54615, 0.28394], [37.54736, 0.28804], [37.54964, 0.29187]]}}, {"type": "Feature", "properties": {"name": "Likii", "kind": "river"}, "geometry": {"type": "LineString", "coordinates": [[37.31223, -0.10127], [37.30534, -0.098], [37.28731, -0.08625], [37.28557, -0.08427], [37.27148, -0.07435], [37.26649, -0.07311], [37.26172, -0.06926], [37.26075, -0.06747], [37.26065, -0.06463], [37.25425, -0.06189], [37.24608, -0.05549], [37.24354, -0.0526], [37.23023, -0.04569], [37.22624, -0.0449], [37.2256, -0.04404], [37.21825, -0.04131], [37.21375, -0.03557], [37.20608, -0.03399], [37.20446, -0.03292], [37.20338, -0.03115], [37.20306, -0.02792], [37.19992, -0.0251], [37.19147, -0.02371], [37.18663, -0.02472], [37.18612, -0.02577], [37.18315, -0.02546], [37.18001, -0.02371], [37.1775, -0.02506], [37.17711, -0.02633], [37.17557, -0.02641], [37.17463, -0.02826], [37.16923, -0.02921], [37.16862, -0.02865], [37.16508, -0.03015], [37.16187, -0.02955], [37.16066, -0.02778], [37.15497, -0.02642], [37.15296, -0.02421], [37.15102, -0.02527], [37.14962, -0.02422], [37.14294, -0.02232], [37.1375, -0.01872], [37.12253, -0.01922], [37.11678, -0.01647]]}}, {"type": "Feature", "properties": {"name": "Tana River", "kind": "river"}, "geometry": {"type": "LineString", "coordinates": [[37.93759, -0.4306], [37.93912, -0.43017], [37.94123, -0.42779], [37.94613, -0.43005], [37.9485, -0.42738], [37.95313, -0.42849], [37.95874, -0.42188], [37.96081, -0.42105], [37.96267, -0.41526], [37.9657, -0.41426], [37.96694, -0.40966], [37.96579, -0.40571], [37.96647, -0.40273], [37.97097, -0.40001], [37.96936, -0.39653], [37.97054, -0.39224], [37.97107, -0.38457], [37.97542, -0.38055], [37.97398, -0.37127], [37.96933, -0.36734], [37.96904, -0.36587], [37.97096, -0.36346], [37.97929, -0.35714], [37.97358, -0.35008], [37.97279, -0.34827], [37.97299, -0.34514], [37.97918, -0.33497], [37.98109, -0.32856], [37.98253, -0.32738], [37.98635, -0.32697], [37.98756, -0.32314], [37.98648, -0.31997], [37.98079, -0.31515], [37.98074, -0.31268], [37.983, -0.31002], [37.98557, -0.3005], [37.99031, -0.29214], [37.99363, -0.28874], [37.99434, -0.2779], [37.99634, -0.27284], [38.00005, -0.26775], [38.00328, -0.26783]]}}, {"type": "Feature", "properties": {"name": "Isiolo", "kind": "river"}, "geometry": {"type": "LineString", "coordinates": [[37.5401, 0.15607], [37.54162, 0.15889], [37.53883, 0.16341], [37.54, 0.16641], [37.54059, 0.17163], [37.5398, 0.17364], [37.53975, 0.17966], [37.53803, 0.18247], [37.53803, 0.18382], [37.53844, 0.18706], [37.54241, 0.19131], [37.54258, 0.19239], [37.54139, 0.19409], [37.54187, 0.19573], [37.54095, 0.20025], [37.54015, 0.20178], [37.53893, 0.2023], [37.53906, 0.20506], [37.53757, 0.21051], [37.53867, 0.2115], [37.53856, 0.21404], [37.54006, 0.21508], [37.54072, 0.21749], [37.54324, 0.22085], [37.54296, 0.22317], [37.54165, 0.22429], [37.5399, 0.23218], [37.54077, 0.23432], [37.54331, 0.23556], [37.54287, 0.23817], [37.54447, 0.24085], [37.54712, 0.24288], [37.54653, 0.24654], [37.54901, 0.24998], [37.54896, 0.25332], [37.54968, 0.25471], [37.54907, 0.26055], [37.54762, 0.26264], [37.54825, 0.26448], [37.54749, 0.26558], [37.54869, 0.26727]]}}, {"type": "Feature", "properties": {"name": "Sera", "kind": "river"}, "geometry": {"type": "LineString", "coordinates": [[38.02839, 1.08297], [38.03123, 1.08351], [38.03588, 1.08283], [38.04537, 1.08501], [38.0475, 1.08329], [38.05238, 1.0762], [38.05485, 1.07677], [38.05588, 1.07901], [38.05729, 1.07945], [38.0603, 1.07448], [38.06279, 1.07299], [38.06533, 1.07294], [38.06637, 1.07418], [38.06481, 1.07667], [38.06546, 1.07868], [38.06645, 1.0797], [38.07092, 1.08079], [38.07174, 1.08175], [38.07255, 1.08883], [38.07408, 1.09143], [38.08234, 1.09356], [38.08327, 1.09289], [38.08307, 1.08985], [38.08559, 1.08899], [38.08762, 1.08956], [38.08907, 1.09092], [38.08645, 1.0941], [38.08609, 1.09691], [38.08711, 1.0981], [38.09165, 1.09817], [38.10048, 1.10025], [38.1048, 1.10559], [38.10927, 1.1078], [38.11149, 1.11012], [38.11682, 1.1101], [38.1186, 1.11205], [38.12018, 1.1179], [38.12785, 1.12782], [38.13531, 1.13289], [38.14499, 1.13507]]}}, {"type": "Feature", "properties": {"name": "River Kasaini", "kind": "stream"}, "geometry": {"type": "LineString", "coordinates": [[38.4198, -0.308], [38.41939, -0.30723], [38.41753, -0.30756], [38.41688, -0.3059], [38.4169, -0.30309], [38.41944, -0.30041], [38.41855, -0.2988], [38.42129, -0.2984], [38.42065, -0.29606], [38.41865, -0.2954], [38.41968, -0.29394], [38.42343, -0.29363], [38.42381, -0.29303], [38.42296, -0.29164], [38.42462, -0.29063], [38.4207, -0.28895], [38.4206, -0.28801], [38.42247, -0.28573], [38.42146, -0.28518], [38.4234, -0.28317], [38.42494, -0.28366], [38.42404, -0.28187], [38.42537, -0.28057], [38.42765, -0.2805], [38.42899, -0.28221], [38.42983, -0.2821], [38.42947, -0.27813], [38.43135, -0.27722], [38.43013, -0.27557], [38.43031, -0.2744], [38.43343, -0.27107], [38.43823, -0.26887], [38.44135, -0.26437], [38.44163, -0.26192], [38.44279, -0.26222], [38.44456, -0.26084], [38.44391, -0.25796], [38.44707, -0.25474], [38.44808, -0.2546]]}}, {"type": "Feature", "properties": {"name": "Ewaso Nyiro", "kind": "river"}, "geometry": {"type": "LineString", "coordinates": [[37.53042, 0.56439], [37.53231, 0.56412], [37.53481, 0.56524], [37.53896, 0.57184], [37.54593, 0.57659], [37.54763, 0.57637], [37.55118, 0.57156], [37.5532, 0.57036], [37.55892, 0.56926], [37.56401, 0.57052], [37.56758, 0.5696], [37.57001, 0.56984], [37.57651, 0.5741], [37.58274, 0.57256], [37.58354, 0.57672], [37.58196, 0.58447], [37.58304, 0.58623], [37.5925, 0.58682], [37.59785, 0.59045], [37.60533, 0.58839], [37.60739, 0.58941], [37.6117, 0.59359], [37.61673, 0.59563], [37.61988, 0.59846], [37.6247, 0.59626], [37.62787, 0.5987], [37.63121, 0.59534], [37.63496, 0.59597], [37.63748, 0.59957], [37.63734, 0.60579], [37.63857, 0.6079], [37.64324, 0.61139], [37.64157, 0.61296], [37.63917, 0.61252], [37.63864, 0.61376], [37.63913, 0.61739], [37.64138, 0.62095], [37.64498, 0.62037], [37.64682, 0.62587]]}}, {"type": "Feature", "properties": {"name": "Mivukoni River", "kind": "river"}, "geometry": {"type": "LineString", "coordinates": [[38.18646, -0.31951], [38.18555, -0.3187], [38.18544, -0.31166], [38.18208, -0.30867], [38.18229, -0.30665], [38.18043, -0.30665], [38.18091, -0.30366], [38.18032, -0.30334], [38.17899, -0.30494], [38.17835, -0.30457], [38.17856, -0.30318], [38.17547, -0.30345], [38.17472, -0.29902], [38.17216, -0.29571], [38.16944, -0.29646], [38.16757, -0.29603], [38.16645, -0.29475], [38.16597, -0.28888], [38.1688, -0.28659], [38.16954, -0.28499], [38.16944, -0.2836], [38.16666, -0.28024], [38.16832, -0.27778], [38.16778, -0.27453], [38.16885, -0.2741], [38.16741, -0.27255], [38.16794, -0.26786], [38.16714, -0.26444], [38.168, -0.26306], [38.16757, -0.26178], [38.16437, -0.26082], [38.16602, -0.25617], [38.16575, -0.2494], [38.16474, -0.2463], [38.16255, -0.2446], [38.16117, -0.24198], [38.16112, -0.23989]]}}, {"type": "Feature", "properties": {"name": "Kyunyu River", "kind": "river"}, "geometry": {"type": "LineString", "coordinates": [[38.22533, -0.28181], [38.21786, -0.27713], [38.21262, -0.27714], [38.21158, -0.27651], [38.21066, -0.27463], [38.20805, -0.27281], [38.20407, -0.26396], [38.20229, -0.26248], [38.19958, -0.26241], [38.1992, -0.26301], [38.19731, -0.26125], [38.19772, -0.25934], [38.19692, -0.25709], [38.19431, -0.25907], [38.19364, -0.25797], [38.19162, -0.25823], [38.19377, -0.25349], [38.18924, -0.25284], [38.18974, -0.25201], [38.18703, -0.25108], [38.18714, -0.24958], [38.18549, -0.25012], [38.18465, -0.24868], [38.18012, -0.24713], [38.17939, -0.24516], [38.17931, -0.23694], [38.17823, -0.23707], [38.17808, -0.23578], [38.17688, -0.23615], [38.17635, -0.23533], [38.17463, -0.23581], [38.17463, -0.23452], [38.17169, -0.23372], [38.17124, -0.23186], [38.17017, -0.23102], [38.16858, -0.23312], [38.16572, -0.23156]]}}, {"type": "Feature", "properties": {"name": "Naro Moru", "kind": "stream"}, "geometry": {"type": "LineString", "coordinates": [[37.25356, -0.17973], [37.24974, -0.18253], [37.24375, -0.18206], [37.23169, -0.18281], [37.22851, -0.18133], [37.22676, -0.18232], [37.2215, -0.18096], [37.21575, -0.18334], [37.21229, -0.18712], [37.21032, -0.18671], [37.20561, -0.18865], [37.20128, -0.18767], [37.19722, -0.18936], [37.19282, -0.18834], [37.19208, -0.18708], [37.19028, -0.18768], [37.18837, -0.18483], [37.18255, -0.18206], [37.17785, -0.18108], [37.17454, -0.17844], [37.16103, -0.1749], [37.15963, -0.17593], [37.1548, -0.17607], [37.15337, -0.17483], [37.14993, -0.17639], [37.14918, -0.17756], [37.14641, -0.17778], [37.13998, -0.17574], [37.1364, -0.17629], [37.13367, -0.17582], [37.12847, -0.17694], [37.12649, -0.17897], [37.11108, -0.17912], [37.10811, -0.18051], [37.10073, -0.17816], [37.10013, -0.17698], [37.09638, -0.17839]]}}, {"type": "Feature", "properties": {"name": "Thingithu", "kind": "stream"}, "geometry": {"type": "LineString", "coordinates": [[37.54817, -0.06522], [37.55915, -0.06831], [37.56154, -0.06728], [37.56859, -0.06754], [37.57896, -0.06955], [37.58537, -0.06902], [37.58745, -0.06816], [37.5935, -0.0681], [37.59428, -0.06691], [37.59551, -0.06683], [37.59641, -0.06742], [37.5991, -0.06687], [37.60431, -0.06832], [37.61121, -0.06396], [37.61654, -0.06259], [37.61836, -0.06108], [37.62058, -0.06135], [37.62424, -0.05933], [37.62954, -0.06117], [37.63222, -0.06285], [37.63298, -0.06431], [37.63619, -0.06547], [37.63867, -0.06524], [37.6396, -0.0634], [37.64086, -0.06286], [37.64257, -0.06586], [37.64327, -0.06588], [37.6445, -0.06369], [37.64495, -0.06555], [37.64612, -0.06567], [37.64661, -0.06386], [37.64886, -0.06367], [37.64943, -0.06213], [37.65185, -0.06148]]}}, {"type": "Feature", "properties": {"name": "River. Kasaini", "kind": "stream"}, "geometry": {"type": "LineString", "coordinates": [[38.49083, -0.19689], [38.49226, -0.19518], [38.49127, -0.19205], [38.49165, -0.19119], [38.49036, -0.18727], [38.48842, -0.18533], [38.49241, -0.18304], [38.49254, -0.18106], [38.49108, -0.17728], [38.49232, -0.1744], [38.48963, -0.17297], [38.48923, -0.16937], [38.48808, -0.16695], [38.49191, -0.16594], [38.49196, -0.16341], [38.49331, -0.16112], [38.5008, -0.15863], [38.50241, -0.15683], [38.50382, -0.15762], [38.50608, -0.15718], [38.50773, -0.15489], [38.51063, -0.15558], [38.51256, -0.15361], [38.51493, -0.15463], [38.5171, -0.15109], [38.51709, -0.14772], [38.51861, -0.14698], [38.51881, -0.14314], [38.52054, -0.14019], [38.51955, -0.13653], [38.52026, -0.13484], [38.51946, -0.13264], [38.51962, -0.12969]]}}, {"type": "Feature", "properties": {"name": "Lugga", "kind": "river"}, "geometry": {"type": "LineString", "coordinates": [[37.71432, 1.0641], [37.71451, 1.06817], [37.71897, 1.06983], [37.72001, 1.07393], [37.72173, 1.07604], [37.72172, 1.07758], [37.71776, 1.08108], [37.71854, 1.08622], [37.71561, 1.08781], [37.71476, 1.08908], [37.7152, 1.09137], [37.7171, 1.09358], [37.71714, 1.09681], [37.71325, 1.10241], [37.71282, 1.10848], [37.71373, 1.11436], [37.71842, 1.12103], [37.71986, 1.12564], [37.71915, 1.12796], [37.71645, 1.13008], [37.714, 1.13362], [37.71581, 1.13847], [37.71312, 1.14203], [37.71171, 1.14673], [37.71677, 1.15119], [37.7196, 1.15572], [37.7189, 1.1602], [37.72235, 1.16711], [37.72239, 1.1735], [37.72531, 1.17481], [37.72975, 1.17312], [37.73858, 1.17808]]}}, {"type": "Feature", "properties": {"name": "Lbaa Kilmatan", "kind": "stream"}, "geometry": {"type": "LineString", "coordinates": [[37.46991, 0.67869], [37.46999, 0.67985], [37.47123, 0.68069], [37.47068, 0.68088], [37.47677, 0.68618], [37.48394, 0.6842], [37.48437, 0.68228], [37.48609, 0.68073], [37.48526, 0.6805], [37.48649, 0.67853], [37.48643, 0.67504], [37.48735, 0.67318], [37.48692, 0.66635], [37.48782, 0.66275], [37.48632, 0.66213], [37.48658, 0.65946], [37.4854, 0.6574], [37.48621, 0.65601], [37.4848, 0.65365], [37.48497, 0.64571], [37.484, 0.64218], [37.4839, 0.63755], [37.48647, 0.63156], [37.48364, 0.62673], [37.48508, 0.6208], [37.48621, 0.61907], [37.48628, 0.6137], [37.48712, 0.61192], [37.4846, 0.60905], [37.48615, 0.60123], [37.48991, 0.59404], [37.49006, 0.5882]]}}, {"type": "Feature", "properties": {"name": "River Kasaini", "kind": "stream"}, "geometry": {"type": "LineString", "coordinates": [[38.38154, -0.35225], [38.38249, -0.35124], [38.38178, -0.34906], [38.38227, -0.34827], [38.38469, -0.3462], [38.38912, -0.34412], [38.39124, -0.34522], [38.39251, -0.34829], [38.39423, -0.34935], [38.39684, -0.34788], [38.40008, -0.34885], [38.4016, -0.34816], [38.40394, -0.34451], [38.40335, -0.34325], [38.4066, -0.33754], [38.4065, -0.33553], [38.40528, -0.3339], [38.40621, -0.33253], [38.40486, -0.33098], [38.40319, -0.33121], [38.40391, -0.32798], [38.40631, -0.3267], [38.40675, -0.32537], [38.41174, -0.32085], [38.41245, -0.31835], [38.41361, -0.31882], [38.41409, -0.31759], [38.41565, -0.31798], [38.41713, -0.31709], [38.41874, -0.31206], [38.41861, -0.31002], [38.4198, -0.308]]}}, {"type": "Feature", "properties": {"name": "Ngare Ndare", "kind": "river"}, "geometry": {"type": "LineString", "coordinates": [[37.35458, 0.41085], [37.35297, 0.42234], [37.35335, 0.42683], [37.35223, 0.43039], [37.35277, 0.43244], [37.3512, 0.43533], [37.35096, 0.43856], [37.34913, 0.44141], [37.35012, 0.44427], [37.34886, 0.44813], [37.35104, 0.45464], [37.34956, 0.45614], [37.35142, 0.45993], [37.35868, 0.4661], [37.35788, 0.46932], [37.35918, 0.47363], [37.36109, 0.47483], [37.35986, 0.47633], [37.36079, 0.478], [37.36039, 0.48283], [37.36227, 0.48474], [37.36201, 0.48715], [37.36043, 0.4889], [37.36088, 0.49064], [37.35933, 0.49241], [37.35942, 0.49407], [37.36128, 0.49678], [37.36037, 0.49922], [37.36552, 0.50468], [37.3682, 0.50492], [37.36894, 0.50752], [37.36854, 0.50891]]}}, {"type": "Feature", "properties": {"name": "River Kasaini", "kind": "stream"}, "geometry": {"type": "LineString", "coordinates": [[38.44808, -0.2546], [38.45073, -0.25609], [38.4511, -0.25887], [38.45419, -0.26006], [38.45764, -0.2559], [38.45705, -0.25423], [38.4599, -0.2534], [38.46002, -0.249], [38.45752, -0.24793], [38.45871, -0.24578], [38.46252, -0.2459], [38.4624, -0.24471], [38.46061, -0.24388], [38.46192, -0.24233], [38.46204, -0.2371], [38.46602, -0.23797], [38.4665, -0.23514], [38.47085, -0.23305], [38.47303, -0.22773], [38.47513, -0.22639], [38.47691, -0.2233], [38.47894, -0.22294], [38.48036, -0.22044], [38.47846, -0.21497], [38.47882, -0.212], [38.48215, -0.20997], [38.48834, -0.21081], [38.48822, -0.20771], [38.48584, -0.20295], [38.48953, -0.20046], [38.49083, -0.19689]]}}, {"type": "Feature", "properties": {"name": "Isiolo", "kind": "stream"}, "geometry": {"type": "LineString", "coordinates": [[37.39862, -0.0157], [37.39985, -0.01233], [37.39924, -0.00609], [37.40132, -0.00522], [37.40323, -0.00305], [37.40644, 0.00198], [37.40666, 0.00456], [37.41092, 0.00806], [37.4126, 0.01079], [37.41948, 0.01186], [37.42033, 0.01507], [37.42671, 0.02459], [37.4303, 0.02618], [37.43571, 0.02583], [37.4374, 0.03123], [37.43891, 0.03198], [37.44154, 0.03843], [37.44388, 0.03868], [37.45355, 0.04404], [37.4587, 0.04507], [37.46372, 0.05219], [37.46609, 0.05242], [37.46868, 0.05394], [37.46885, 0.05564], [37.47057, 0.05723], [37.47047, 0.05913], [37.47162, 0.05908], [37.47453, 0.06228], [37.48341, 0.0622], [37.48503, 0.06673]]}}, {"type": "Feature", "properties": {"name": "Lugga", "kind": "river"}, "geometry": {"type": "LineString", "coordinates": [[37.62936, 1.05468], [37.62792, 1.05867], [37.63071, 1.05884], [37.63134, 1.06083], [37.62973, 1.06286], [37.63124, 1.06623], [37.63051, 1.06739], [37.62817, 1.06713], [37.62742, 1.06881], [37.62852, 1.07104], [37.63205, 1.07178], [37.63082, 1.07405], [37.63256, 1.07672], [37.63363, 1.08242], [37.63214, 1.08834], [37.63365, 1.0887], [37.6339, 1.09066], [37.63713, 1.09349], [37.63594, 1.09587], [37.63784, 1.09733], [37.63816, 1.0985], [37.63623, 1.10664], [37.63598, 1.11233], [37.63659, 1.11334], [37.63281, 1.11387], [37.63131, 1.11538], [37.63381, 1.12104], [37.63339, 1.12236], [37.63195, 1.12304], [37.63097, 1.12616]]}}, {"type": "Feature", "properties": {"name": "Lbaa Lolkerrded", "kind": "stream"}, "geometry": {"type": "LineString", "coordinates": [[37.52137, 0.67605], [37.52605, 0.68529], [37.53082, 0.68868], [37.53179, 0.68875], [37.53407, 0.68631], [37.53567, 0.68581], [37.53603, 0.68459], [37.54099, 0.68339], [37.54213, 0.68187], [37.54889, 0.67904], [37.55082, 0.67958], [37.55384, 0.67884], [37.56009, 0.68096], [37.5607, 0.68003], [37.56235, 0.68017], [37.56584, 0.68307], [37.56591, 0.68472], [37.56962, 0.68783], [37.57129, 0.68779], [37.57275, 0.69028], [37.57544, 0.69236], [37.57822, 0.69686], [37.58119, 0.69937], [37.58863, 0.70197], [37.59595, 0.70206], [37.59878, 0.7053], [37.60106, 0.70281], [37.60327, 0.70362], [37.60541, 0.70324], [37.60924, 0.70675]]}}, {"type": "Feature", "properties": {"name": "Larisora", "kind": "river"}, "geometry": {"type": "LineString", "coordinates": [[37.64364, 0.72715], [37.64617, 0.72734], [37.64756, 0.72558], [37.64981, 0.72448], [37.65395, 0.72758], [37.65396, 0.72994], [37.65536, 0.73098], [37.65701, 0.73056], [37.6578, 0.729], [37.66316, 0.72781], [37.67009, 0.71888], [37.67082, 0.71911], [37.67585, 0.71382], [37.67997, 0.71248], [37.68006, 0.7107], [37.67783, 0.7092], [37.67939, 0.70488], [37.68301, 0.70322], [37.6886, 0.69789], [37.69288, 0.69692], [37.69598, 0.69362], [37.69646, 0.69046], [37.69941, 0.6889], [37.7031, 0.68955], [37.70489, 0.6865], [37.70593, 0.68183], [37.70448, 0.67751], [37.70257, 0.67688], [37.70205, 0.67511]]}}, {"type": "Feature", "properties": {"name": "Thingithu", "kind": "stream"}, "geometry": {"type": "LineString", "coordinates": [[37.65811, -0.06177], [37.65932, -0.0608], [37.66073, -0.06184], [37.66247, -0.05983], [37.66384, -0.06341], [37.66502, -0.06276], [37.6664, -0.06447], [37.66691, -0.06361], [37.6693, -0.06338], [37.67793, -0.0662], [37.68259, -0.06248], [37.6895, -0.06398], [37.69211, -0.0672], [37.69552, -0.06975], [37.69577, -0.07123], [37.69672, -0.07042], [37.7019, -0.07545], [37.70722, -0.07667], [37.70862, -0.0784], [37.71284, -0.07837], [37.7136, -0.07774], [37.71804, -0.08366], [37.72077, -0.08482], [37.72289, -0.0868], [37.72809, -0.08831], [37.73344, -0.09399], [37.73642, -0.09608], [37.75102, -0.09925], [37.75665, -0.10587]]}}, {"type": "Feature", "properties": {"name": "Nziitu", "kind": "river"}, "geometry": {"type": "LineString", "coordinates": [[38.26886, -0.40436], [38.26897, -0.40289], [38.26677, -0.4012], [38.26382, -0.39675], [38.26326, -0.39287], [38.25888, -0.39108], [38.25771, -0.38951], [38.25504, -0.39033], [38.25177, -0.38625], [38.24965, -0.38543], [38.24744, -0.38601], [38.2439, -0.38309], [38.2418, -0.38011], [38.24162, -0.37758], [38.2425, -0.37511], [38.24032, -0.37211], [38.2398, -0.36953], [38.23905, -0.36197], [38.23953, -0.35928], [38.23746, -0.35669], [38.23797, -0.35196], [38.23545, -0.34696], [38.23739, -0.34253], [38.2338, -0.33691], [38.23421, -0.33276], [38.23539, -0.33149], [38.23349, -0.32757], [38.23266, -0.32083], [38.23128, -0.32047]]}}, {"type": "Feature", "properties": {"name": "Ewaso Nyiro", "kind": "river"}, "geometry": {"type": "LineString", "coordinates": [[37.43138, 0.58175], [37.43808, 0.57842], [37.44181, 0.58136], [37.4483, 0.57936], [37.44989, 0.57969], [37.45404, 0.58181], [37.45594, 0.58366], [37.46269, 0.58471], [37.46627, 0.58997], [37.46868, 0.59154], [37.47231, 0.59164], [37.47668, 0.58741], [37.4804, 0.5865], [37.48744, 0.5882], [37.49233, 0.58772], [37.49406, 0.58412], [37.491, 0.57835], [37.49135, 0.57693], [37.49484, 0.57517], [37.50052, 0.57464], [37.50507, 0.57288], [37.50712, 0.56929], [37.51067, 0.56655], [37.51441, 0.56529], [37.51721, 0.5659], [37.52041, 0.56845], [37.52299, 0.56914], [37.52591, 0.56851], [37.52911, 0.56504]]}}, {"type": "Feature", "properties": {"name": "Rongai", "kind": "stream"}, "geometry": {"type": "LineString", "coordinates": [[36.99341, -0.02529], [36.99087, -0.01766], [36.98786, -0.01823], [36.98672, -0.01733], [36.98436, -0.01749], [36.98221, -0.01653], [36.97575, -0.01653], [36.97277, -0.01732], [36.96752, -0.0151], [36.96471, -0.01485], [36.96317, -0.0135], [36.9612, -0.01352], [36.95148, -0.00658], [36.94952, -0.0085], [36.9454, -0.00724], [36.94129, -0.00759], [36.93872, -0.003], [36.93579, -0.00152], [36.9326, 0.00248], [36.92691, 0.00163], [36.92277, 0.00197], [36.92039, 0.00402], [36.91965, 0.00849], [36.92129, 0.01018], [36.92532, 0.01151], [36.92512, 0.01523], [36.91809, 0.02054], [36.91629, 0.02379]]}}, {"type": "Feature", "properties": {"name": "Mutundu River", "kind": "river"}, "geometry": {"type": "LineString", "coordinates": [[38.0999, 0.22928], [38.10483, 0.22626], [38.10784, 0.22575], [38.11453, 0.22213], [38.11643, 0.222], [38.12469, 0.21658], [38.12619, 0.21753], [38.13148, 0.21343], [38.13241, 0.21188], [38.14187, 0.20663], [38.14463, 0.20623], [38.14905, 0.20781], [38.15225, 0.20758], [38.15876, 0.20186], [38.16293, 0.19961], [38.16486, 0.19715], [38.16646, 0.19704], [38.17297, 0.19181], [38.17433, 0.18945], [38.1759, 0.18888], [38.1759, 0.18704], [38.17888, 0.18402], [38.18006, 0.18399], [38.18055, 0.18117], [38.18237, 0.18096], [38.1835, 0.17781]]}}, {"type": "Feature", "properties": {"name": "Ontulili", "kind": "stream"}, "geometry": {"type": "LineString", "coordinates": [[37.19165, 0.02155], [37.18852, 0.02132], [37.18834, 0.02409], [37.18313, 0.02661], [37.18015, 0.02612], [37.17839, 0.02632], [37.17802, 0.02706], [37.17671, 0.02631], [37.17597, 0.0266], [37.17601, 0.02775], [37.17338, 0.02819], [37.17094, 0.02669], [37.1691, 0.0285], [37.16714, 0.02826], [37.16633, 0.02961], [37.1598, 0.0289], [37.15826, 0.0301], [37.1544, 0.03012], [37.15363, 0.03145], [37.15206, 0.03067], [37.15217, 0.03163], [37.15096, 0.03162], [37.15077, 0.0327], [37.14967, 0.03186], [37.14956, 0.03329], [37.1477, 0.03406]]}}, {"type": "Feature", "properties": {"name": "Naro Moru", "kind": "stream"}, "geometry": {"type": "LineString", "coordinates": [[37.09638, -0.17839], [37.09427, -0.17988], [37.09237, -0.17943], [37.09127, -0.18024], [37.087, -0.18017], [37.08665, -0.17938], [37.08482, -0.17962], [37.08439, -0.17851], [37.08264, -0.17808], [37.07896, -0.17889], [37.078, -0.17788], [37.077, -0.17882], [37.07461, -0.17817], [37.07214, -0.17963], [37.07077, -0.17857], [37.06978, -0.17898], [37.06985, -0.17976], [37.06796, -0.17933], [37.06728, -0.18017], [37.06669, -0.17964], [37.06587, -0.18217], [37.06501, -0.18128], [37.06368, -0.18232], [37.06321, -0.18168], [37.05972, -0.18159]]}}, {"type": "Feature", "properties": {"name": "Nziitu", "kind": "river"}, "geometry": {"type": "LineString", "coordinates": [[38.23128, -0.32047], [38.2295, -0.31578], [38.22788, -0.31617], [38.22738, -0.31512], [38.22375, -0.31465], [38.22351, -0.31331], [38.22236, -0.3131], [38.22076, -0.31017], [38.21943, -0.30601], [38.21564, -0.30393], [38.21143, -0.30505], [38.2054, -0.3035], [38.20449, -0.30659], [38.2007, -0.30467], [38.20037, -0.30246], [38.20118, -0.30115], [38.19777, -0.29886], [38.19574, -0.29902], [38.19457, -0.30212], [38.19008, -0.2996], [38.1879, -0.30169], [38.1872, -0.29998], [38.17872, -0.29843], [38.17541, -0.30083]]}}, {"type": "Feature", "properties": {"name": "Ngare Ndare", "kind": "river"}, "geometry": {"type": "LineString", "coordinates": [[37.36117, 0.23556], [37.36447, 0.23688], [37.36506, 0.23802], [37.36378, 0.23907], [37.36431, 0.24244], [37.36525, 0.2425], [37.36536, 0.24346], [37.36698, 0.24337], [37.36772, 0.24782], [37.36654, 0.24682], [37.36609, 0.24761], [37.36255, 0.24855], [37.36317, 0.24947], [37.36073, 0.25077], [37.36103, 0.25364], [37.3647, 0.25434], [37.36382, 0.25549], [37.36566, 0.25635], [37.36493, 0.25822], [37.36689, 0.25856], [37.37028, 0.26114], [37.37347, 0.26152], [37.3749, 0.26757]]}}, {"type": "Feature", "properties": {"name": "kuuru stream", "kind": "stream"}, "geometry": {"type": "LineString", "coordinates": [[37.7961, 0.04502], [37.79361, 0.04256], [37.79317, 0.04037], [37.79618, 0.03995], [37.79648, 0.03889], [37.79833, 0.03922], [37.79937, 0.04045], [37.79979, 0.03894], [37.80125, 0.03834], [37.80582, 0.03865], [37.80611, 0.03628], [37.80811, 0.03524], [37.809, 0.03378], [37.81082, 0.03261], [37.81324, 0.03353], [37.81488, 0.03094], [37.81704, 0.0311], [37.81864, 0.02855], [37.82109, 0.02846], [37.82199, 0.02917], [37.82507, 0.02892], [37.82606, 0.02795], [37.82777, 0.02843]]}}, {"type": "Feature", "properties": {"name": "Maara River", "kind": "river"}, "geometry": {"type": "LineString", "coordinates": [[37.736, -0.24772], [37.73847, -0.24978], [37.73864, -0.25157], [37.73986, -0.25185], [37.74074, -0.25314], [37.7403, -0.254], [37.7445, -0.25219], [37.74561, -0.25241], [37.74778, -0.25517], [37.75034, -0.25395], [37.75233, -0.25427], [37.75507, -0.25741], [37.75731, -0.25826], [37.76121, -0.26339], [37.76485, -0.26421], [37.76842, -0.26622], [37.77456, -0.26637], [37.77655, -0.2703], [37.78334, -0.27532], [37.78737, -0.27559], [37.78905, -0.27922]]}}, {"type": "Feature", "properties": {"name": "Lbaa Il Olgorol", "kind": "stream"}, "geometry": {"type": "LineString", "coordinates": [[37.43919, 0.6608], [37.4396, 0.65593], [37.44093, 0.65178], [37.44082, 0.64795], [37.43889, 0.64278], [37.43889, 0.63883], [37.44239, 0.62969], [37.44372, 0.62808], [37.446, 0.6198], [37.44975, 0.61628], [37.45584, 0.61433], [37.45756, 0.61083], [37.45797, 0.60783], [37.45666, 0.60521], [37.45816, 0.60302], [37.46333, 0.6024], [37.46305, 0.60057], [37.46404, 0.6004], [37.46838, 0.5947], [37.46855, 0.59304]]}}, {"type": "Feature", "properties": {"name": "Mutw'anyinyi River", "kind": "river"}, "geometry": {"type": "LineString", "coordinates": [[38.2664, -0.26289], [38.26518, -0.26506], [38.26311, -0.26576], [38.26232, -0.2669], [38.26055, -0.27404], [38.26149, -0.27841], [38.26403, -0.28169], [38.26627, -0.28696], [38.26605, -0.29186], [38.26487, -0.29532], [38.26506, -0.29986], [38.26473, -0.29489], [38.26578, -0.29174], [38.26593, -0.2869], [38.26368, -0.28167], [38.26128, -0.27843], [38.2602, -0.27443], [38.26235, -0.26546], [38.26549, -0.2642], [38.2664, -0.26289]]}}, {"type": "Feature", "properties": {"name": "Ontulili", "kind": "stream"}, "geometry": {"type": "LineString", "coordinates": [[37.21427, 0.00253], [37.21277, 0.00424], [37.20913, 0.00439], [37.20863, 0.00528], [37.20689, 0.00496], [37.20737, 0.0031], [37.20598, 0.00322], [37.20637, 0.00423], [37.20567, 0.00593], [37.20336, 0.00797], [37.20387, 0.01169], [37.20327, 0.01354], [37.20196, 0.01389], [37.20226, 0.01503], [37.20128, 0.01741], [37.19904, 0.01791], [37.19757, 0.02034], [37.19629, 0.01991], [37.19394, 0.02217], [37.19165, 0.02155]]}}, {"type": "Feature", "properties": {"name": "Lolkoitoi", "kind": "stream"}, "geometry": {"type": "LineString", "coordinates": [[37.51146, 0.6286], [37.51015, 0.61978], [37.51202, 0.61141], [37.51052, 0.60849], [37.50888, 0.60817], [37.5073, 0.60379], [37.50494, 0.60158], [37.50549, 0.59801], [37.50412, 0.59655], [37.50569, 0.59542], [37.50489, 0.59458], [37.50481, 0.58885], [37.50541, 0.5866], [37.5076, 0.58453], [37.50685, 0.58279], [37.50564, 0.58282], [37.50704, 0.58026], [37.50502, 0.5792], [37.50274, 0.57397]]}}, {"type": "Feature", "properties": {"name": "Ewaso Nyiro", "kind": "river"}, "geometry": {"type": "LineString", "coordinates": [[37.34418, 0.63675], [37.34661, 0.63561], [37.34791, 0.63354], [37.34933, 0.63042], [37.34975, 0.62539], [37.35398, 0.62035], [37.35318, 0.61478], [37.35511, 0.60679], [37.35544, 0.59945], [37.35673, 0.59844], [37.36456, 0.59733], [37.36515, 0.59419], [37.36446, 0.58761], [37.36662, 0.5852], [37.36986, 0.5852], [37.37379, 0.58653], [37.38563, 0.57941], [37.3899, 0.57602], [37.39383, 0.57528]]}}, {"type": "Feature", "properties": {"name": "Nziitu", "kind": "river"}, "geometry": {"type": "LineString", "coordinates": [[38.22236, -0.3131], [38.22007, -0.30702], [38.21692, -0.30441], [38.21564, -0.30393], [38.21143, -0.30505], [38.2054, -0.3035], [38.20449, -0.30659], [38.2007, -0.30467], [38.20033, -0.30249], [38.20118, -0.30115], [38.19777, -0.29886], [38.19574, -0.29902], [38.19462, -0.30217], [38.19008, -0.2996], [38.1879, -0.30169], [38.1872, -0.29998], [38.17872, -0.29843], [38.17541, -0.30083]]}}, {"type": "Feature", "properties": {"name": "Isiolo", "kind": "stream"}, "geometry": {"type": "LineString", "coordinates": [[37.49049, 0.08848], [37.49393, 0.09382], [37.49377, 0.09486], [37.49547, 0.09668], [37.49718, 0.10176], [37.495, 0.10196], [37.49347, 0.10442], [37.49481, 0.10613], [37.49542, 0.10869], [37.49373, 0.11273], [37.49447, 0.11912], [37.49217, 0.12313], [37.49162, 0.12744], [37.49274, 0.13697], [37.49167, 0.1402], [37.49205, 0.1432], [37.49789, 0.14868], [37.50089, 0.15676]]}}, {"type": "Feature", "properties": {"name": "Tipito", "kind": "stream"}, "geometry": {"type": "LineString", "coordinates": [[37.3173, 1.05395], [37.31435, 1.0526], [37.31345, 1.05333], [37.31047, 1.05282], [37.30728, 1.05112], [37.30516, 1.04815], [37.30113, 1.0447], [37.29708, 1.04537], [37.29587, 1.04476], [37.29422, 1.03939], [37.29186, 1.03633], [37.2885, 1.03603], [37.28593, 1.0342], [37.28165, 1.03271], [37.27905, 1.02937], [37.27614, 1.03], [37.27468, 1.0291]]}}, {"type": "Feature", "properties": {"name": "Lugga", "kind": "river"}, "geometry": {"type": "LineString", "coordinates": [[37.68375, 1.07614], [37.68601, 1.07464], [37.68667, 1.07517], [37.68718, 1.07974], [37.68997, 1.08356], [37.69851, 1.08416], [37.70015, 1.08744], [37.69943, 1.08845], [37.69772, 1.08814], [37.69727, 1.09153], [37.69991, 1.09219], [37.70203, 1.09556], [37.70531, 1.09567], [37.70941, 1.09736], [37.70847, 1.09994], [37.70873, 1.10163], [37.71327, 1.10318]]}}, {"type": "Feature", "properties": {"name": "Lbaa Lekoitoga", "kind": "stream"}, "geometry": {"type": "LineString", "coordinates": [[37.57205, 0.62724], [37.57404, 0.624], [37.57438, 0.61769], [37.57666, 0.61574], [37.57584, 0.61445], [37.57655, 0.61119], [37.57554, 0.60851], [37.57741, 0.60664], [37.5775, 0.60426], [37.58234, 0.60147], [37.58539, 0.6014], [37.58655, 0.59849], [37.59082, 0.59381], [37.59297, 0.59297], [37.59318, 0.59098], [37.59523, 0.58944]]}}, {"type": "Feature", "properties": {"name": "Makutano River", "kind": "river"}, "geometry": {"type": "LineString", "coordinates": [[38.12059, 0.23883], [38.12175, 0.23882], [38.12368, 0.23574], [38.12651, 0.23473], [38.12936, 0.23211], [38.13271, 0.22764], [38.13833, 0.22438], [38.1467, 0.21687], [38.15305, 0.21571], [38.15389, 0.21441], [38.15532, 0.21393], [38.15733, 0.21089], [38.16398, 0.20842], [38.16552, 0.20896], [38.16698, 0.20699], [38.1691, 0.20613]]}}, {"type": "Feature", "properties": {"name": "Ngare Ndare", "kind": "river"}, "geometry": {"type": "LineString", "coordinates": [[37.36978, 0.51011], [37.36874, 0.51375], [37.37072, 0.5159], [37.37437, 0.51736], [37.38111, 0.52926], [37.37998, 0.53507], [37.37791, 0.53739], [37.37988, 0.55221], [37.3815, 0.55437], [37.38312, 0.5548], [37.39209, 0.55361], [37.39589, 0.5601], [37.3957, 0.56348], [37.39691, 0.56592], [37.39415, 0.56861], [37.39383, 0.57528]]}}, {"type": "Feature", "properties": {"name": "Ewaso Nyiro", "kind": "river"}, "geometry": {"type": "LineString", "coordinates": [[37.67186, 0.63544], [37.67457, 0.63913], [37.67556, 0.63925], [37.6769, 0.63754], [37.6788, 0.64072], [37.6827, 0.64064], [37.68395, 0.64433], [37.6831, 0.64833], [37.68555, 0.65489], [37.68845, 0.65766], [37.69148, 0.65913], [37.692, 0.6614], [37.69324, 0.66203], [37.69955, 0.66208], [37.70536, 0.66545], [37.71137, 0.66491]]}}, {"type": "Feature", "properties": {"name": "Tana River", "kind": "river"}, "geometry": {"type": "LineString", "coordinates": [[38.18453, -0.17923], [38.18523, -0.17419], [38.18444, -0.16858], [38.18593, -0.15609], [38.18755, -0.15355], [38.1931, -0.15274], [38.19558, -0.15405], [38.19537, -0.15589], [38.19426, -0.15651], [38.18958, -0.15463], [38.18718, -0.15694], [38.18529, -0.16885], [38.18644, -0.17476], [38.18557, -0.17923], [38.18453, -0.17923]]}}, {"type": "Feature", "properties": {"name": "Timau", "kind": "stream"}, "geometry": {"type": "LineString", "coordinates": [[37.34611, -0.00304], [37.34512, -0.00142], [37.34537, 0.00063], [37.34423, 0.00443], [37.34196, 0.00633], [37.33878, 0.01229], [37.33855, 0.01408], [37.33209, 0.02256], [37.32947, 0.02812], [37.32286, 0.0337], [37.31842, 0.03623], [37.31565, 0.03917], [37.31461, 0.03911], [37.3122, 0.04098], [37.31009, 0.04081]]}}, {"type": "Feature", "properties": {"name": "Olpus Leluai", "kind": "stream"}, "geometry": {"type": "LineString", "coordinates": [[37.42583, 0.67378], [37.42536, 0.66672], [37.42746, 0.65381], [37.42802, 0.63851], [37.42742, 0.63477], [37.42872, 0.63209], [37.42703, 0.62508], [37.42703, 0.62128], [37.42782, 0.61774], [37.43031, 0.61547], [37.43175, 0.61051], [37.4355, 0.60727], [37.43509, 0.60094], [37.43357, 0.59695], [37.43265, 0.59643]]}}, {"type": "Feature", "properties": {"name": "Isiolo", "kind": "river"}, "geometry": {"type": "LineString", "coordinates": [[37.54863, 0.26733], [37.55113, 0.26905], [37.55064, 0.27061], [37.55332, 0.27579], [37.55287, 0.27988], [37.55556, 0.28329], [37.55432, 0.2856], [37.55543, 0.2863], [37.55526, 0.28725], [37.5537, 0.28933], [37.5509, 0.29007], [37.54964, 0.29187], [37.55052, 0.2938], [37.54971, 0.29534], [37.5501, 0.29643]]}}, {"type": "Feature", "properties": {"name": "River Nzanze", "kind": "stream"}, "geometry": {"type": "LineString", "coordinates": [[38.20856, -0.22223], [38.20423, -0.21938], [38.20314, -0.21992], [38.20079, -0.21921], [38.20146, -0.21652], [38.19958, -0.21734], [38.19797, -0.2159], [38.19756, -0.21441], [38.19851, -0.21321], [38.19823, -0.21181], [38.19928, -0.21099], [38.19696, -0.21032], [38.19603, -0.20888], [38.19776, -0.20832]]}}, {"type": "Feature", "properties": {"name": "Serolevi River", "kind": "river"}, "geometry": {"type": "LineString", "coordinates": [[37.5738, 1.12341], [37.57514, 1.12507], [37.58189, 1.12581], [37.58781, 1.1296], [37.59494, 1.12864], [37.5976, 1.12948], [37.6049, 1.1339], [37.61053, 1.13087], [37.61618, 1.13068], [37.61882, 1.13257], [37.6212, 1.13184], [37.62497, 1.12858], [37.62748, 1.12771]]}}, {"type": "Feature", "properties": {"name": "Kaluilaa", "kind": "stream"}, "geometry": {"type": "LineString", "coordinates": [[38.20072, -0.3351], [38.19804, -0.33226], [38.19902, -0.32424], [38.19613, -0.31979], [38.19698, -0.31765], [38.1953, -0.31207], [38.19615, -0.31023], [38.19453, -0.30782], [38.19568, -0.30576], [38.19399, -0.3035], [38.19081, -0.30367], [38.1906, -0.30238], [38.1879, -0.30169]]}}, {"type": "Feature", "properties": {"name": "Ngare Ndare", "kind": "river"}, "geometry": {"type": "LineString", "coordinates": [[37.37491, 0.26992], [37.37634, 0.2711], [37.37885, 0.27163], [37.3801, 0.27356], [37.38137, 0.27229], [37.38654, 0.27357], [37.38813, 0.27732], [37.38958, 0.27883], [37.38709, 0.28024], [37.38888, 0.28288], [37.38852, 0.28437], [37.3899, 0.28555]]}}, {"type": "Feature", "properties": {"name": "Kazita", "kind": "river"}, "geometry": {"type": "LineString", "coordinates": [[37.48964, 0.00646], [37.49046, 0.01123], [37.49224, 0.01391], [37.49304, 0.01762], [37.49507, 0.02038], [37.49874, 0.02245], [37.50174, 0.02197], [37.50392, 0.0236], [37.50956, 0.02448], [37.51311, 0.02766], [37.51685, 0.02855], [37.5198, 0.03029]]}}, {"type": "Feature", "properties": {"name": "Kazita", "kind": "river"}, "geometry": {"type": "LineString", "coordinates": [[37.5198, 0.03029], [37.52501, 0.02775], [37.52704, 0.01966], [37.52839, 0.01863], [37.53364, 0.0174], [37.53851, 0.0195], [37.53997, 0.01849], [37.54971, 0.0175], [37.55137, 0.01633], [37.55408, 0.0167], [37.55664, 0.01604], [37.55782, 0.01481]]}}, {"type": "Feature", "properties": {"name": "Timau", "kind": "stream"}, "geometry": {"type": "LineString", "coordinates": [[37.30997, 0.04091], [37.30577, 0.05089], [37.30241, 0.05223], [37.30161, 0.05409], [37.29983, 0.0553], [37.29435, 0.05785], [37.2929, 0.05994], [37.29272, 0.06433], [37.29057, 0.06565], [37.2892, 0.06879]]}}, {"type": "Feature", "properties": {"name": "Ngiluni River", "kind": "river"}, "geometry": {"type": "LineString", "coordinates": [[38.21892, -0.3375], [38.21752, -0.33365], [38.21926, -0.32256], [38.21897, -0.31489], [38.21549, -0.31165], [38.21526, -0.31057], [38.21264, -0.30909], [38.21279, -0.3066], [38.21186, -0.30642], [38.21124, -0.30495]]}}, {"type": "Feature", "properties": {"name": "Ewaso Nyiro", "kind": "river"}, "geometry": {"type": "LineString", "coordinates": [[37.39383, 0.57528], [37.39751, 0.57685], [37.40532, 0.57734], [37.41018, 0.57892], [37.41421, 0.57842], [37.42084, 0.57901], [37.42246, 0.57808], [37.42536, 0.57823], [37.42782, 0.58113], [37.43138, 0.58175]]}}, {"type": "Feature", "properties": {"name": "Larisora", "kind": "river"}, "geometry": {"type": "LineString", "coordinates": [[37.60924, 0.70675], [37.61145, 0.71008], [37.61985, 0.71098], [37.62135, 0.71579], [37.62583, 0.71639], [37.6292, 0.71587], [37.633, 0.71838], [37.63543, 0.72132], [37.64089, 0.7238], [37.64364, 0.72715]]}}, {"type": "Feature", "properties": {"name": "Burguret", "kind": "stream"}, "geometry": {"type": "LineString", "coordinates": [[37.04478, -0.11704], [37.04232, -0.1141], [37.04238, -0.11302], [37.04319, -0.11301], [37.04286, -0.11236], [37.04235, -0.11202], [37.04158, -0.11372], [37.04064, -0.11383], [37.03997, -0.1109], [37.03685, -0.10931]]}}, {"type": "Feature", "properties": {"name": "Lbaa Lowa Mara", "kind": "stream"}, "geometry": {"type": "LineString", "coordinates": [[37.54168, 0.64369], [37.54509, 0.63593], [37.5519, 0.62945], [37.55612, 0.62655], [37.56213, 0.62719], [37.56518, 0.62653], [37.56728, 0.62747], [37.57074, 0.62623], [37.57205, 0.62724]]}}, {"type": "Feature", "properties": {"name": "Itung'uni river", "kind": "river"}, "geometry": {"type": "LineString", "coordinates": [[38.20685, -0.17845], [38.20547, -0.17311], [38.20357, -0.17133], [38.20426, -0.16847], [38.20597, -0.1672], [38.20464, -0.16588], [38.20468, -0.1633], [38.2037, -0.16286]]}}, {"type": "Feature", "properties": {"name": "Mutwanyingi", "kind": "stream"}, "geometry": {"type": "LineString", "coordinates": [[38.26521, -0.29966], [38.26479, -0.29524], [38.26593, -0.29168], [38.26613, -0.2868], [38.26394, -0.28171], [38.26123, -0.27823], [38.26042, -0.27412]]}}, {"type": "Feature", "properties": {"name": "Kamanga", "kind": "river"}, "geometry": {"type": "LineString", "coordinates": [[38.24737, -0.32315], [38.2441, -0.31776], [38.24363, -0.3155], [38.24192, -0.31578], [38.24053, -0.31471], [38.2386, -0.31459], [38.23781, -0.31552]]}}, {"type": "Feature", "properties": {"name": "Ewaso Nyiro", "kind": "river"}, "geometry": {"type": "LineString", "coordinates": [[37.6469, 0.62598], [37.65031, 0.62942], [37.65251, 0.63041], [37.65871, 0.62969], [37.66273, 0.63228], [37.66735, 0.6315], [37.67186, 0.63544]]}}, {"type": "Feature", "properties": {"name": "Nanyuki", "kind": "stream"}, "geometry": {"type": "LineString", "coordinates": [[37.2863, -0.14196], [37.27267, -0.13782], [37.26453, -0.13235], [37.25609, -0.12835], [37.24775, -0.12601], [37.243, -0.12376]]}}, {"type": "Feature", "properties": {"name": "R Itivanguu", "kind": "river"}, "geometry": {"type": "LineString", "coordinates": [[38.20386, -0.1604], [38.20238, -0.15666], [38.2036, -0.15571], [38.20464, -0.15234], [38.20283, -0.15085], [38.20318, -0.14845]]}}, {"type": "Feature", "properties": {"name": "Kyambevo", "kind": "river"}, "geometry": {"type": "LineString", "coordinates": [[38.25372, -0.30924], [38.25101, -0.31067], [38.2469, -0.31114], [38.24342, -0.30984], [38.24193, -0.31241], [38.2386, -0.31459]]}}, {"type": "Feature", "properties": {"name": "Isiolo", "kind": "stream"}, "geometry": {"type": "LineString", "coordinates": [[37.48364, 0.07539], [37.48321, 0.0767], [37.4848, 0.08021], [37.48744, 0.08274], [37.48932, 0.08296], [37.49049, 0.08848]]}}, {"type": "Feature", "properties": {"name": "Ngare Ndare", "kind": "river"}, "geometry": {"type": "LineString", "coordinates": [[37.35501, 0.21563], [37.35665, 0.21942], [37.35667, 0.22167], [37.3552, 0.22264], [37.35515, 0.22353], [37.35849, 0.2281]]}}, {"type": "Feature", "properties": {"name": "Olpus Leluai", "kind": "stream"}, "geometry": {"type": "LineString", "coordinates": [[37.43265, 0.59643], [37.43258, 0.59472], [37.43125, 0.59306], [37.43293, 0.58819], [37.43151, 0.58444], [37.43138, 0.58175]]}}, {"type": "Feature", "properties": {"name": "River Katse", "kind": "river"}, "geometry": {"type": "LineString", "coordinates": [[38.11251, -0.2971], [38.11373, -0.28429], [38.11416, -0.28221], [38.11587, -0.2813], [38.11662, -0.27635]]}}, {"type": "Feature", "properties": {"name": "Lbaa ogut 2", "kind": "stream"}, "geometry": {"type": "LineString", "coordinates": [[37.30645, 1.0472], [37.30508, 1.04561], [37.30392, 1.04613], [37.30206, 1.04449], [37.30091, 1.04465]]}}, {"type": "Feature", "properties": {"name": "Isiolo", "kind": "stream"}, "geometry": {"type": "LineString", "coordinates": [[37.537, 0.14545], [37.53841, 0.14824], [37.54009, 0.14954], [37.5381, 0.15327], [37.5401, 0.15607]]}}, {"type": "Feature", "properties": {"name": "Muuna", "kind": "river"}, "geometry": {"type": "LineString", "coordinates": [[38.23456, -0.315], [38.23159, -0.31557], [38.23028, -0.31414], [38.2278, -0.31427], [38.22738, -0.31512]]}}, {"type": "Feature", "properties": {"name": "Kamunyu", "kind": "river"}, "geometry": {"type": "LineString", "coordinates": [[38.25371, -0.31691], [38.25156, -0.31604], [38.24918, -0.31667], [38.24499, -0.31455], [38.24093, -0.3149]]}}, {"type": "Feature", "properties": {"name": "Isiolo", "kind": "river"}, "geometry": {"type": "LineString", "coordinates": [[37.5826, 0.56388], [37.57972, 0.56788], [37.57992, 0.57013], [37.58092, 0.57077]]}}, {"type": "Feature", "properties": {"name": "Isiolo", "kind": "stream"}, "geometry": {"type": "LineString", "coordinates": [[37.52834, 0.13929], [37.53313, 0.14245], [37.53453, 0.14459], [37.537, 0.14545]]}}, {"type": "Feature", "properties": {"name": "kwa kasanga", "kind": "river"}, "geometry": {"type": "LineString", "coordinates": [[38.23702, -0.31521], [38.2364, -0.31507], [38.23608, -0.31598], [38.23456, -0.315]]}}, {"type": "Feature", "properties": {"name": "Rongai", "kind": "stream"}, "geometry": {"type": "LineString", "coordinates": [[37.00346, -0.0321], [37.00294, -0.03254], [37.00223, -0.03136], [37.00039, -0.03067]]}}, {"type": "Feature", "properties": {"name": "Ngare Ndare", "kind": "river"}, "geometry": {"type": "LineString", "coordinates": [[37.35972, 0.23074], [37.35775, 0.2353], [37.35857, 0.2359], [37.36117, 0.23556]]}}, {"type": "Feature", "properties": {"name": "Larisora", "kind": "river"}, "geometry": {"type": "LineString", "coordinates": [[37.70205, 0.67511], [37.70443, 0.67191], [37.7098, 0.66775], [37.71137, 0.66491]]}}, {"type": "Feature", "properties": {"name": "Uaso Nyiro", "kind": "river"}, "geometry": {"type": "LineString", "coordinates": [[38.22731, 0.82551], [38.22919, 0.82538], [38.23097, 0.82633]]}}, {"type": "Feature", "properties": {"name": "Uaso Nyiro", "kind": "river"}, "geometry": {"type": "LineString", "coordinates": [[38.19742, 0.82261], [38.19994, 0.82268], [38.20073, 0.82463]]}}, {"type": "Feature", "properties": {"name": "Rongai", "kind": "stream"}, "geometry": {"type": "LineString", "coordinates": [[36.91629, 0.02379], [36.91539, 0.02438], [36.9156, 0.02582]]}}, {"type": "Feature", "properties": {"name": "Isiolo", "kind": "stream"}, "geometry": {"type": "LineString", "coordinates": [[37.52165, 0.13383], [37.5231, 0.13536], [37.52306, 0.13659]]}}, {"type": "Feature", "properties": {"name": "Isiolo", "kind": "stream"}, "geometry": {"type": "LineString", "coordinates": [[37.53436, 0.1406], [37.53432, 0.14236], [37.537, 0.14545]]}}, {"type": "Feature", "properties": {"name": "Sinyai", "kind": "river"}, "geometry": {"type": "LineString", "coordinates": [[37.18934, 0.61375], [37.19097, 0.61472], [37.19383, 0.61389]]}}, {"type": "Feature", "properties": {"name": "nagorr oworu river", "kind": "river"}, "geometry": {"type": "LineString", "coordinates": [[37.3425, 0.98324], [37.33643, 0.98489], [37.33341, 0.98423]]}}, {"type": "Feature", "properties": {"name": "Riveer Nzanze", "kind": "river"}, "geometry": {"type": "LineString", "coordinates": [[38.20961, -0.22524], [38.20716, -0.22464], [38.20856, -0.22223]]}}, {"type": "Feature", "properties": {"name": "Kwa Kamanga", "kind": "river"}, "geometry": {"type": "LineString", "coordinates": [[38.24407, -0.31652], [38.24053, -0.31471], [38.23827, -0.31507]]}}, {"type": "Feature", "properties": {"name": "Kamunyu", "kind": "stream"}, "geometry": {"type": "LineString", "coordinates": [[38.26636, -0.31656], [38.25674, -0.31781], [38.25371, -0.31691]]}}, {"type": "Feature", "properties": {"name": "Rongai", "kind": "stream"}, "geometry": {"type": "LineString", "coordinates": [[37.00034, -0.0306], [36.99764, -0.02959], [36.99347, -0.02539]]}}, {"type": "Feature", "properties": {"name": "Isiolo", "kind": "stream"}, "geometry": {"type": "LineString", "coordinates": [[37.48503, 0.06673], [37.48456, 0.07352], [37.48364, 0.07539]]}}, {"type": "Feature", "properties": {"name": "Ngare Ndare", "kind": "river"}, "geometry": {"type": "LineString", "coordinates": [[37.3749, 0.26757], [37.37417, 0.26916], [37.37491, 0.26992]]}}, {"type": "Feature", "properties": {"name": "Ngare Ndare", "kind": "river"}, "geometry": {"type": "LineString", "coordinates": [[37.35324, 0.21255], [37.35323, 0.21444], [37.35496, 0.21556]]}}, {"type": "Feature", "properties": {"name": "Lbaa ogut", "kind": "stream"}, "geometry": {"type": "LineString", "coordinates": [[37.31424, 1.0434], [37.30516, 1.04815]]}}, {"type": "Feature", "properties": {"name": "Lugga", "kind": "river"}, "geometry": {"type": "LineString", "coordinates": [[37.74462, 1.06126], [37.74357, 1.06032]]}}, {"type": "Feature", "properties": {"name": "Lugga", "kind": "river"}, "geometry": {"type": "LineString", "coordinates": [[37.1999, 1.32099], [37.20089, 1.3227]]}}, {"type": "Feature", "properties": {"name": "Lugga", "kind": "stream"}, "geometry": {"type": "LineString", "coordinates": [[37.26792, 1.1632], [37.26946, 1.16237]]}}, {"type": "Feature", "properties": {"name": "Lugga", "kind": "river"}, "geometry": {"type": "LineString", "coordinates": [[37.23394, 1.14778], [37.23273, 1.1472]]}}, {"type": "Feature", "properties": {"name": "Lugga", "kind": "river"}, "geometry": {"type": "LineString", "coordinates": [[37.166, 1.20351], [37.16643, 1.20297]]}}, {"type": "Feature", "properties": {"name": "Lugga", "kind": "river"}, "geometry": {"type": "LineString", "coordinates": [[37.18761, 1.23951], [37.18849, 1.23962]]}}, {"type": "Feature", "properties": {"name": "Nanyuki", "kind": "river"}, "geometry": {"type": "LineString", "coordinates": [[37.05116, 0.07924], [37.05116, 0.07942]]}}, {"type": "Feature", "properties": {"name": "Timau", "kind": "stream"}, "geometry": {"type": "LineString", "coordinates": [[37.31009, 0.04081], [37.30997, 0.04091]]}}, {"type": "Feature", "properties": {"name": "Isiolo", "kind": "river"}, "geometry": {"type": "LineString", "coordinates": [[37.58092, 0.57077], [37.58183, 0.57249]]}}, {"type": "Feature", "properties": {"name": "Isiolo", "kind": "river"}, "geometry": {"type": "LineString", "coordinates": [[37.5826, 0.56388], [37.58092, 0.57077]]}}, {"type": "Feature", "properties": {"name": "Isiolo", "kind": "stream"}, "geometry": {"type": "LineString", "coordinates": [[37.52158, 0.13366], [37.52161, 0.13375]]}}, {"type": "Feature", "properties": {"name": "Isiolo", "kind": "stream"}, "geometry": {"type": "LineString", "coordinates": [[37.52179, 0.13343], [37.52158, 0.13366]]}}, {"type": "Feature", "properties": {"name": "Isiolo", "kind": "stream"}, "geometry": {"type": "LineString", "coordinates": [[37.52161, 0.13375], [37.52306, 0.13659]]}}, {"type": "Feature", "properties": {"name": "Isiolo", "kind": "stream"}, "geometry": {"type": "LineString", "coordinates": [[37.52306, 0.13659], [37.52317, 0.13666]]}}, {"type": "Feature", "properties": {"name": "Isiolo", "kind": "stream"}, "geometry": {"type": "LineString", "coordinates": [[37.52523, 0.13727], [37.5253, 0.13739]]}}, {"type": "Feature", "properties": {"name": "Isiolo", "kind": "stream"}, "geometry": {"type": "LineString", "coordinates": [[37.52317, 0.13666], [37.52523, 0.13727]]}}, {"type": "Feature", "properties": {"name": "Isiolo", "kind": "stream"}, "geometry": {"type": "LineString", "coordinates": [[37.52826, 0.13918], [37.52834, 0.13929]]}}, {"type": "Feature", "properties": {"name": "Isiolo", "kind": "stream"}, "geometry": {"type": "LineString", "coordinates": [[37.5253, 0.13739], [37.52826, 0.13918]]}}, {"type": "Feature", "properties": {"name": "Isiolo", "kind": "river"}, "geometry": {"type": "LineString", "coordinates": [[37.53899, 0.1639], [37.53919, 0.16445]]}}, {"type": "Feature", "properties": {"name": "Isiolo", "kind": "river"}, "geometry": {"type": "LineString", "coordinates": [[37.54149, 0.19386], [37.54152, 0.19451]]}}, {"type": "Feature", "properties": {"name": "Isiolo", "kind": "river"}, "geometry": {"type": "LineString", "coordinates": [[37.54049, 0.21628], [37.54061, 0.21687]]}}, {"type": "Feature", "properties": {"name": "Isiolo", "kind": "river"}, "geometry": {"type": "LineString", "coordinates": [[37.54282, 0.2221], [37.54304, 0.22286]]}}, {"type": "Feature", "properties": {"name": "Isiolo", "kind": "river"}, "geometry": {"type": "LineString", "coordinates": [[37.54158, 0.23473], [37.54324, 0.23546]]}}, {"type": "Feature", "properties": {"name": "Isiolo", "kind": "river"}, "geometry": {"type": "LineString", "coordinates": [[37.5405, 0.23386], [37.54126, 0.23464]]}}, {"type": "Feature", "properties": {"name": "Isiolo", "kind": "river"}, "geometry": {"type": "LineString", "coordinates": [[37.5451, 0.24108], [37.54598, 0.24181]]}}, {"type": "Feature", "properties": {"name": "Isiolo", "kind": "river"}, "geometry": {"type": "LineString", "coordinates": [[37.54447, 0.24085], [37.54564, 0.24179]]}}, {"type": "Feature", "properties": {"name": "Isiolo", "kind": "river"}, "geometry": {"type": "LineString", "coordinates": [[37.54667, 0.24528], [37.54762, 0.24744]]}}, {"type": "Feature", "properties": {"name": "Isiolo", "kind": "river"}, "geometry": {"type": "LineString", "coordinates": [[37.54869, 0.26727], [37.54863, 0.26733]]}}, {"type": "Feature", "properties": {"name": "River Itivanguu", "kind": "river"}, "geometry": {"type": "LineString", "coordinates": [[38.20552, -0.16159], [38.20386, -0.1604]]}}, {"type": "Feature", "properties": {"name": "itung'uni river", "kind": "river"}, "geometry": {"type": "LineString", "coordinates": [[38.2037, -0.16286], [38.20386, -0.1604]]}}, {"type": "Feature", "properties": {"name": "mutwanyingi", "kind": "stream"}, "geometry": {"type": "LineString", "coordinates": [[38.26042, -0.27412], [38.26212, -0.26693]]}}, {"type": "Feature", "properties": {"name": "kuuru stream", "kind": "stream"}, "geometry": {"type": "LineString", "coordinates": [[37.79695, 0.04616], [37.79615, 0.04512]]}}, {"type": "Feature", "properties": {"name": "kuuru stream", "kind": "stream"}, "geometry": {"type": "LineString", "coordinates": [[37.79615, 0.04512], [37.7961, 0.04502]]}}, {"type": "Feature", "properties": {"name": "Kwa Kasanga", "kind": "river"}, "geometry": {"type": "LineString", "coordinates": [[38.23781, -0.31552], [38.23456, -0.315]]}}, {"type": "Feature", "properties": {"name": "Kalung'uyu", "kind": "stream"}, "geometry": {"type": "LineString", "coordinates": [[38.23853, -0.31937], [38.23608, -0.31598]]}}, {"type": "Feature", "properties": {"name": "Rongai", "kind": "stream"}, "geometry": {"type": "LineString", "coordinates": [[36.99347, -0.02539], [36.99341, -0.02529]]}}, {"type": "Feature", "properties": {"name": "Rongai", "kind": "stream"}, "geometry": {"type": "LineString", "coordinates": [[37.00353, -0.03213], [37.00346, -0.0321]]}}, {"type": "Feature", "properties": {"name": "Rongai", "kind": "stream"}, "geometry": {"type": "LineString", "coordinates": [[37.00039, -0.03067], [37.00034, -0.0306]]}}, {"type": "Feature", "properties": {"name": "Ewaso Nyiro", "kind": "river"}, "geometry": {"type": "LineString", "coordinates": [[37.52911, 0.56504], [37.53042, 0.56439]]}}, {"type": "Feature", "properties": {"name": "Ontulili", "kind": "stream"}, "geometry": {"type": "LineString", "coordinates": [[37.1477, 0.03406], [37.14754, 0.03417]]}}, {"type": "Feature", "properties": {"name": "Likii", "kind": "river"}, "geometry": {"type": "LineString", "coordinates": [[37.11678, -0.01647], [37.11546, -0.01463]]}}, {"type": "Feature", "properties": {"name": "Ngare Ndare", "kind": "river"}, "geometry": {"type": "LineString", "coordinates": [[37.35849, 0.2281], [37.35972, 0.23074]]}}, {"type": "Feature", "properties": {"name": "Ngare Ndare", "kind": "river"}, "geometry": {"type": "LineString", "coordinates": [[37.35496, 0.21556], [37.35501, 0.21563]]}}, {"type": "Feature", "properties": {"name": "Ngare Ndare", "kind": "river"}, "geometry": {"type": "LineString", "coordinates": [[37.36854, 0.50891], [37.36978, 0.51011]]}}, {"type": "Feature", "properties": {"name": "Ewaso Nyiro", "kind": "river"}, "geometry": {"type": "LineString", "coordinates": [[37.64682, 0.62587], [37.6469, 0.62598]]}}]}